host_time_utc,host_monotonic_s,phase,requested_armed,requested_channels_forward_right_down_yaw,sent,transport_open,session_confirmed,telemetry_fresh,telemetry_age_s,telemetry_sequence,mcu_tick_ms,state,telemetry_armed,telemetry_failsafe,command_status,reject_flags,last_command_session,last_command_sequence,last_command_crc,command_count,rejected_command_count,round_trip_ms,imu_quat_wxyz,imu_angular_velocity_xyz_rad_s,imu_linear_acceleration_xyz_m_s2,yaw_rad,yaw_rate_rad_s,depth_m,pressure_pa,received_channels_forward_right_down_yaw,applied_motor_throttle_m1_m8,motor_rpm_m1_m8,rpm_valid_mask,execution_feedback_valid,rpm_available,vision_fresh,vision_age_s,vision_count,vision_stamp_s,vision_frame_id,vision_position_xyz_m,vision_quat_xyzw,vision_covariance_diag,vision_status_age_s,vision_status_count,vision_detected,vision_detected_ids,vision_world_xy_yaw,vision_detections_detail,vision_pnp_valid,vision_pnp_reprojection_error_px,vision_decision_margin,vision_detection_fps,refracted_status_age_s,refracted_status_count,refracted_mode,refracted_valid,refracted_residual_m,refracted_reject_reason
2026-08-11T14:23:04.576149+00:00,1245580.044039001,channel_forward_p005,0,"[0.0,0.0,0.0,0.0]",0,0,0,0,,,,,,,,,,,,,,,,,,,,,,,,,,,,0,,0,,,"[NaN,NaN,NaN]","[NaN,NaN,NaN,NaN]","[NaN,NaN,NaN,NaN,NaN,NaN]",,0,0,[],[],[],0,,,,,0,,0,,
2026-08-11T14:23:04.626477+00:00,1245580.094359335,channel_forward_p005,0,"[0.0,0.0,0.0,0.0]",0,0,0,0,,,,,,,,,,,,,,,,,,,,,,,,,,,,0,,0,,,"[NaN,NaN,NaN]","[NaN,NaN,NaN,NaN]","[NaN,NaN,NaN,NaN,NaN,NaN]",,0,0,[],[],[],0,,,,,0,,0,,
2026-08-11T14:23:04.676489+00:00,1245580.144371344,channel_forward_p005,0,"[0.0,0.0,0.0,0.0]",0,0,0,0,,,,,,,,,,,,,,,,,,,,,,,,,,,,0,,0,,,"[NaN,NaN,NaN]","[NaN,NaN,NaN,NaN]","[NaN,NaN,NaN,NaN,NaN,NaN]",,0,0,[],[],[],0,,,,,0,,0,,
2026-08-11T14:23:04.726657+00:00,1245580.194507338,channel_forward_p005,0,"[0.0,0.0,0.0,0.0]",0,0,0,0,,,,,,,,,,,,,,,,,,,,,,,,,,,,0,,0,,,"[NaN,NaN,NaN]","[NaN,NaN,NaN,NaN]","[NaN,NaN,NaN,NaN,NaN,NaN]",,0,0,[],[],[],0,,,,,0,,0,,
2026-08-11T14:23:04.776479+00:00,1245580.244359711,channel_forward_p005,0,"[0.0,0.0,0.0,0.0]",0,0,0,0,,,,,,,,,,,,,,,,,,,,,,,,,,,,0,,0,,,"[NaN,NaN,NaN]","[NaN,NaN,NaN,NaN]","[NaN,NaN,NaN,NaN,NaN,NaN]",,0,0,[],[],[],0,,,,,0,,0,,
2026-08-11T14:23:04.826499+00:00,1245580.294380357,channel_forward_p005,0,"[0.0,0.0,0.0,0.0]",0,0,0,0,,,,,,,,,,,,,,,,,,,,,,,,,,,,0,,0,,,"[NaN,NaN,NaN]","[NaN,NaN,NaN,NaN]","[NaN,NaN,NaN,NaN,NaN,NaN]",,0,0,[],[],[],0,,,,,0,,0,,
2026-08-11T14:23:04.876475+00:00,1245580.344357382,channel_forward_p005,0,"[0.0,0.0,0.0,0.0]",0,0,0,0,,,,,,,,,,,,,,,,,,,,,,,,,,,,0,,0,,,"[NaN,NaN,NaN]","[NaN,NaN,NaN,NaN]","[NaN,NaN,NaN,NaN,NaN,NaN]",,0,0,[],[],[],0,,,,,0,,0,,
2026-08-11T14:23:04.926384+00:00,1245580.394266047,channel_forward_p005,0,"[0.0,0.0,0.0,0.0]",0,0,0,0,,,,,,,,,,,,,,,,,,,,,,,,,,,,0,,0,,,"[NaN,NaN,NaN]","[NaN,NaN,NaN,NaN]","[NaN,NaN,NaN,NaN,NaN,NaN]",,0,0,[],[],[],0,,,,,0,,0,,
2026-08-11T14:23:04.976478+00:00,1245580.444361294,channel_forward_p005,0,"[0.0,0.0,0.0,0.0]",0,0,0,0,,,,,,,,,,,,,,,,,,,,,,,,,,,,0,,0,,,"[NaN,NaN,NaN]","[NaN,NaN,NaN,NaN]","[NaN,NaN,NaN,NaN,NaN,NaN]",,0,0,[],[],[],0,,,,,0,,0,,
2026-08-11T14:23:05.026478+00:00,1245580.494360386,channel_forward_p005,0,"[0.0,0.0,0.0,0.0]",0,0,0,0,,,,,,,,,,,,,,,,,,,,,,,,,,,,0,,0,,,"[NaN,NaN,NaN]","[NaN,NaN,NaN,NaN]","[NaN,NaN,NaN,NaN,NaN,NaN]",,0,0,[],[],[],0,,,,,0,,0,,
2026-08-11T14:23:05.076476+00:00,1245580.544357966,channel_forward_p005,0,"[0.0,0.0,0.0,0.0]",0,0,0,0,,,,,,,,,,,,,,,,,,,,,,,,,,,,0,,0,,,"[NaN,NaN,NaN]","[NaN,NaN,NaN,NaN]","[NaN,NaN,NaN,NaN,NaN,NaN]",,0,0,[],[],[],0,,,,,0,,0,,
2026-08-11T14:23:05.126467+00:00,1245580.594348982,channel_forward_p005,0,"[0.0,0.0,0.0,0.0]",0,0,0,0,,,,,,,,,,,,,,,,,,,,,,,,,,,,0,,0,,,"[NaN,NaN,NaN]","[NaN,NaN,NaN,NaN]","[NaN,NaN,NaN,NaN,NaN,NaN]",,0,0,[],[],[],0,,,,,0,,0,,
2026-08-11T14:23:05.176504+00:00,1245580.644386856,channel_forward_p005,0,"[0.0,0.0,0.0,0.0]",0,0,0,0,,,,,,,,,,,,,,,,,,,,,,,,,,,,0,,0,,,"[NaN,NaN,NaN]","[NaN,NaN,NaN,NaN]","[NaN,NaN,NaN,NaN,NaN,NaN]",,0,0,[],[],[],0,,,,,0,,0,,
2026-08-11T14:23:05.226479+00:00,1245580.694360549,channel_forward_p005,0,"[0.0,0.0,0.0,0.0]",0,0,0,0,,,,,,,,,,,,,,,,,,,,,,,,,,,,0,,0,,,"[NaN,NaN,NaN]","[NaN,NaN,NaN,NaN]","[NaN,NaN,NaN,NaN,NaN,NaN]",,0,0,[],[],[],0,,,,,0,,0,,
2026-08-11T14:23:05.276476+00:00,1245580.744357748,channel_forward_p005,0,"[0.0,0.0,0.0,0.0]",0,0,0,0,,,,,,,,,,,,,,,,,,,,,,,,,,,,0,,0,,,"[NaN,NaN,NaN]","[NaN,NaN,NaN,NaN]","[NaN,NaN,NaN,NaN,NaN,NaN]",,0,0,[],[],[],0,,,,,0,,0,,
2026-08-11T14:23:05.326448+00:00,1245580.794329607,channel_forward_p005,0,"[0.0,0.0,0.0,0.0]",0,0,0,0,,,,,,,,,,,,,,,,,,,,,,,,,,,,0,,0,,,"[NaN,NaN,NaN]","[NaN,NaN,NaN,NaN]","[NaN,NaN,NaN,NaN,NaN,NaN]",,0,0,[],[],[],0,,,,,0,,0,,
2026-08-11T14:23:05.376474+00:00,1245580.844357070,channel_forward_p005,0,"[0.0,0.0,0.0,0.0]",0,0,0,0,,,,,,,,,,,,,,,,,,,,,,,,,,,,0,,0,,,"[NaN,NaN,NaN]","[NaN,NaN,NaN,NaN]","[NaN,NaN,NaN,NaN,NaN,NaN]",,0,0,[],[],[],0,,,,,0,,0,,
2026-08-11T14:23:05.426453+00:00,1245580.894334765,channel_forward_p005,0,"[0.0,0.0,0.0,0.0]",0,0,0,0,,,,,,,,,,,,,,,,,,,,,,,,,,,,0,,0,,,"[NaN,NaN,NaN]","[NaN,NaN,NaN,NaN]","[NaN,NaN,NaN,NaN,NaN,NaN]",,0,0,[],[],[],0,,,,,0,,0,,
2026-08-11T14:23:05.476589+00:00,1245580.944465484,channel_forward_p005,0,"[0.0,0.0,0.0,0.0]",0,0,0,0,,,,,,,,,,,,,,,,,,,,,,,,,,,,0,,0,,,"[NaN,NaN,NaN]","[NaN,NaN,NaN,NaN]","[NaN,NaN,NaN,NaN,NaN,NaN]",,0,0,[],[],[],0,,,,,0,,0,,
2026-08-11T14:23:05.526455+00:00,1245580.994337049,channel_forward_p005,0,"[0.0,0.0,0.0,0.0]",0,0,0,0,,,,,,,,,,,,,,,,,,,,,,,,,,,,0,,0,,,"[NaN,NaN,NaN]","[NaN,NaN,NaN,NaN]","[NaN,NaN,NaN,NaN,NaN,NaN]",,0,0,[],[],[],0,,,,,0,,0,,
2026-08-11T14:23:05.576477+00:00,1245581.044359041,channel_forward_p005,0,"[0.0,0.0,0.0,0.0]",0,0,0,0,,,,,,,,,,,,,,,,,,,,,,,,,,,,0,,0,,,"[NaN,NaN,NaN]","[NaN,NaN,NaN,NaN]","[NaN,NaN,NaN,NaN,NaN,NaN]",,0,0,[],[],[],0,,,,,0,,0,,
2026-08-11T14:23:05.626449+00:00,1245581.094330996,channel_forward_p005,0,"[0.0,0.0,0.0,0.0]",0,0,0,0,,,,,,,,,,,,,,,,,,,,,,,,,,,,0,,0,,,"[NaN,NaN,NaN]","[NaN,NaN,NaN,NaN]","[NaN,NaN,NaN,NaN,NaN,NaN]",,0,0,[],[],[],0,,,,,0,,0,,
2026-08-11T14:23:05.676473+00:00,1245581.144355923,channel_forward_p005,0,"[0.0,0.0,0.0,0.0]",0,0,0,0,,,,,,,,,,,,,,,,,,,,,,,,,,,,0,,0,,,"[NaN,NaN,NaN]","[NaN,NaN,NaN,NaN]","[NaN,NaN,NaN,NaN,NaN,NaN]",,0,0,[],[],[],0,,,,,0,,0,,
2026-08-11T14:23:05.726463+00:00,1245581.194344260,channel_forward_p005,0,"[0.0,0.0,0.0,0.0]",0,0,0,0,,,,,,,,,,,,,,,,,,,,,,,,,,,,0,,0,,,"[NaN,NaN,NaN]","[NaN,NaN,NaN,NaN]","[NaN,NaN,NaN,NaN,NaN,NaN]",,0,0,[],[],[],0,,,,,0,,0,,
2026-08-11T14:23:05.776493+00:00,1245581.244375348,channel_forward_p005,0,"[0.0,0.0,0.0,0.0]",0,0,0,0,,,,,,,,,,,,,,,,,,,,,,,,,,,,0,,0,,,"[NaN,NaN,NaN]","[NaN,NaN,NaN,NaN]","[NaN,NaN,NaN,NaN,NaN,NaN]",,0,0,[],[],[],0,,,,,0,,0,,
2026-08-11T14:23:05.826528+00:00,1245581.294408980,channel_forward_p005,0,"[0.0,0.0,0.0,0.0]",0,0,0,0,,,,,,,,,,,,,,,,,,,,,,,,,,,,0,,0,,,"[NaN,NaN,NaN]","[NaN,NaN,NaN,NaN]","[NaN,NaN,NaN,NaN,NaN,NaN]",,0,0,[],[],[],0,,,,,0,,0,,
2026-08-11T14:23:05.876498+00:00,1245581.344379682,channel_forward_p005,0,"[0.0,0.0,0.0,0.0]",0,0,0,0,,,,,,,,,,,,,,,,,,,,,,,,,,,,0,,0,,,"[NaN,NaN,NaN]","[NaN,NaN,NaN,NaN]","[NaN,NaN,NaN,NaN,NaN,NaN]",,0,0,[],[],[],0,,,,,0,,0,,
2026-08-11T14:23:05.926442+00:00,1245581.394324655,channel_forward_p005,0,"[0.0,0.0,0.0,0.0]",0,0,0,0,,,,,,,,,,,,,,,,,,,,,,,,,,,,0,,0,,,"[NaN,NaN,NaN]","[NaN,NaN,NaN,NaN]","[NaN,NaN,NaN,NaN,NaN,NaN]",,0,0,[],[],[],0,,,,,0,,0,,
2026-08-11T14:23:05.976474+00:00,1245581.444356530,channel_forward_p005,0,"[0.0,0.0,0.0,0.0]",0,0,0,0,,,,,,,,,,,,,,,,,,,,,,,,,,,,0,,0,,,"[NaN,NaN,NaN]","[NaN,NaN,NaN,NaN]","[NaN,NaN,NaN,NaN,NaN,NaN]",,0,0,[],[],[],0,,,,,0,,0,,
2026-08-11T14:23:06.026466+00:00,1245581.494347524,channel_forward_p005,0,"[0.0,0.0,0.0,0.0]",0,0,0,0,,,,,,,,,,,,,,,,,,,,,,,,,,,,0,,0,,,"[NaN,NaN,NaN]","[NaN,NaN,NaN,NaN]","[NaN,NaN,NaN,NaN,NaN,NaN]",,0,0,[],[],[],0,,,,,0,,0,,
2026-08-11T14:23:06.076471+00:00,1245581.544353222,channel_forward_p005,0,"[0.0,0.0,0.0,0.0]",0,0,0,0,,,,,,,,,,,,,,,,,,,,,,,,,,,,0,,0,,,"[NaN,NaN,NaN]","[NaN,NaN,NaN,NaN]","[NaN,NaN,NaN,NaN,NaN,NaN]",,0,0,[],[],[],0,,,,,0,,0,,
2026-08-11T14:23:06.126442+00:00,1245581.594323818,channel_forward_p005,0,"[0.0,0.0,0.0,0.0]",0,0,0,0,,,,,,,,,,,,,,,,,,,,,,,,,,,,0,,0,,,"[NaN,NaN,NaN]","[NaN,NaN,NaN,NaN]","[NaN,NaN,NaN,NaN,NaN,NaN]",,0,0,[],[],[],0,,,,,0,,0,,
2026-08-11T14:23:06.176480+00:00,1245581.644362266,channel_forward_p005,0,"[0.0,0.0,0.0,0.0]",0,0,0,0,,,,,,,,,,,,,,,,,,,,,,,,,,,,0,,0,,,"[NaN,NaN,NaN]","[NaN,NaN,NaN,NaN]","[NaN,NaN,NaN,NaN,NaN,NaN]",,0,0,[],[],[],0,,,,,0,,0,,
2026-08-11T14:23:06.226450+00:00,1245581.694331686,channel_forward_p005,0,"[0.0,0.0,0.0,0.0]",0,0,0,0,,,,,,,,,,,,,,,,,,,,,,,,,,,,0,,0,,,"[NaN,NaN,NaN]","[NaN,NaN,NaN,NaN]","[NaN,NaN,NaN,NaN,NaN,NaN]",,0,0,[],[],[],0,,,,,0,,0,,
2026-08-11T14:23:06.276477+00:00,1245581.744359399,channel_forward_p005,0,"[0.0,0.0,0.0,0.0]",0,0,0,0,,,,,,,,,,,,,,,,,,,,,,,,,,,,0,,0,,,"[NaN,NaN,NaN]","[NaN,NaN,NaN,NaN]","[NaN,NaN,NaN,NaN,NaN,NaN]",,0,0,[],[],[],0,,,,,0,,0,,
2026-08-11T14:23:06.326499+00:00,1245581.794380075,channel_forward_p005,0,"[0.0,0.0,0.0,0.0]",0,0,0,0,,,,,,,,,,,,,,,,,,,,,,,,,,,,0,,0,,,"[NaN,NaN,NaN]","[NaN,NaN,NaN,NaN]","[NaN,NaN,NaN,NaN,NaN,NaN]",,0,0,[],[],[],0,,,,,0,,0,,
2026-08-11T14:23:06.376595+00:00,1245581.844471221,channel_forward_p005,0,"[0.0,0.0,0.0,0.0]",0,0,0,0,,,,,,,,,,,,,,,,,,,,,,,,,,,,0,,0,,,"[NaN,NaN,NaN]","[NaN,NaN,NaN,NaN]","[NaN,NaN,NaN,NaN,NaN,NaN]",,0,0,[],[],[],0,,,,,0,,0,,
2026-08-11T14:23:06.426466+00:00,1245581.894347752,channel_forward_p005,0,"[0.0,0.0,0.0,0.0]",0,0,0,0,,,,,,,,,,,,,,,,,,,,,,,,,,,,0,,0,,,"[NaN,NaN,NaN]","[NaN,NaN,NaN,NaN]","[NaN,NaN,NaN,NaN,NaN,NaN]",,0,0,[],[],[],0,,,,,0,,0,,
2026-08-11T14:23:06.476495+00:00,1245581.944377691,channel_forward_p005,0,"[0.0,0.0,0.0,0.0]",0,0,0,0,,,,,,,,,,,,,,,,,,,,,,,,,,,,0,,0,,,"[NaN,NaN,NaN]","[NaN,NaN,NaN,NaN]","[NaN,NaN,NaN,NaN,NaN,NaN]",,0,0,[],[],[],0,,,,,0,,0,,
2026-08-11T14:23:06.526410+00:00,1245581.994292246,channel_forward_p005,0,"[0.0,0.0,0.0,0.0]",0,0,0,0,,,,,,,,,,,,,,,,,,,,,,,,,,,,0,,0,,,"[NaN,NaN,NaN]","[NaN,NaN,NaN,NaN]","[NaN,NaN,NaN,NaN,NaN,NaN]",,0,0,[],[],[],0,,,,,0,,0,,
2026-08-11T14:23:06.576470+00:00,1245582.044352337,channel_forward_p005,0,"[0.0,0.0,0.0,0.0]",0,0,0,0,,,,,,,,,,,,,,,,,,,,,,,,,,,,0,,0,,,"[NaN,NaN,NaN]","[NaN,NaN,NaN,NaN]","[NaN,NaN,NaN,NaN,NaN,NaN]",,0,0,[],[],[],0,,,,,0,,0,,
2026-08-11T14:23:06.626460+00:00,1245582.094340974,channel_forward_p005,0,"[0.0,0.0,0.0,0.0]",0,0,0,0,,,,,,,,,,,,,,,,,,,,,,,,,,,,0,,0,,,"[NaN,NaN,NaN]","[NaN,NaN,NaN,NaN]","[NaN,NaN,NaN,NaN,NaN,NaN]",,0,0,[],[],[],0,,,,,0,,0,,
2026-08-11T14:23:06.676482+00:00,1245582.144364755,channel_forward_p005,0,"[0.0,0.0,0.0,0.0]",0,0,0,0,,,,,,,,,,,,,,,,,,,,,,,,,,,,0,,0,,,"[NaN,NaN,NaN]","[NaN,NaN,NaN,NaN]","[NaN,NaN,NaN,NaN,NaN,NaN]",,0,0,[],[],[],0,,,,,0,,0,,
2026-08-11T14:23:06.726447+00:00,1245582.194329240,channel_forward_p005,0,"[0.0,0.0,0.0,0.0]",0,0,0,0,,,,,,,,,,,,,,,,,,,,,,,,,,,,0,,0,,,"[NaN,NaN,NaN]","[NaN,NaN,NaN,NaN]","[NaN,NaN,NaN,NaN,NaN,NaN]",,0,0,[],[],[],0,,,,,0,,0,,
2026-08-11T14:23:06.776486+00:00,1245582.244367742,channel_forward_p005,0,"[0.0,0.0,0.0,0.0]",0,0,0,0,,,,,,,,,,,,,,,,,,,,,,,,,,,,0,,0,,,"[NaN,NaN,NaN]","[NaN,NaN,NaN,NaN]","[NaN,NaN,NaN,NaN,NaN,NaN]",,0,0,[],[],[],0,,,,,0,,0,,
2026-08-11T14:23:06.826446+00:00,1245582.294328126,channel_forward_p005,0,"[0.0,0.0,0.0,0.0]",0,0,0,0,,,,,,,,,,,,,,,,,,,,,,,,,,,,0,,0,,,"[NaN,NaN,NaN]","[NaN,NaN,NaN,NaN]","[NaN,NaN,NaN,NaN,NaN,NaN]",,0,0,[],[],[],0,,,,,0,,0,,
2026-08-11T14:23:06.876467+00:00,1245582.344349913,channel_forward_p005,0,"[0.0,0.0,0.0,0.0]",0,0,0,0,,,,,,,,,,,,,,,,,,,,,,,,,,,,0,,0,,,"[NaN,NaN,NaN]","[NaN,NaN,NaN,NaN]","[NaN,NaN,NaN,NaN,NaN,NaN]",,0,0,[],[],[],0,,,,,0,,0,,
2026-08-11T14:23:06.926487+00:00,1245582.394368982,channel_forward_p005,0,"[0.0,0.0,0.0,0.0]",0,0,0,0,,,,,,,,,,,,,,,,,,,,,,,,,,,,0,,0,,,"[NaN,NaN,NaN]","[NaN,NaN,NaN,NaN]","[NaN,NaN,NaN,NaN,NaN,NaN]",,0,0,[],[],[],0,,,,,0,,0,,
2026-08-11T14:23:06.976466+00:00,1245582.444348335,channel_forward_p005,0,"[0.0,0.0,0.0,0.0]",0,0,0,0,,,,,,,,,,,,,,,,,,,,,,,,,,,,0,,0,,,"[NaN,NaN,NaN]","[NaN,NaN,NaN,NaN]","[NaN,NaN,NaN,NaN,NaN,NaN]",,0,0,[],[],[],0,,,,,0,,0,,
2026-08-11T14:23:07.026451+00:00,1245582.494333149,channel_forward_p005,0,"[0.0,0.0,0.0,0.0]",0,0,0,0,,,,,,,,,,,,,,,,,,,,,,,,,,,,0,,0,,,"[NaN,NaN,NaN]","[NaN,NaN,NaN,NaN]","[NaN,NaN,NaN,NaN,NaN,NaN]",,0,0,[],[],[],0,,,,,0,,0,,
2026-08-11T14:23:07.076481+00:00,1245582.544363614,channel_forward_p005,0,"[0.0,0.0,0.0,0.0]",0,0,0,0,,,,,,,,,,,,,,,,,,,,,,,,,,,,0,,0,,,"[NaN,NaN,NaN]","[NaN,NaN,NaN,NaN]","[NaN,NaN,NaN,NaN,NaN,NaN]",,0,0,[],[],[],0,,,,,0,,0,,
2026-08-11T14:23:07.126445+00:00,1245582.594327861,channel_forward_p005,0,"[0.0,0.0,0.0,0.0]",0,0,0,0,,,,,,,,,,,,,,,,,,,,,,,,,,,,0,,0,,,"[NaN,NaN,NaN]","[NaN,NaN,NaN,NaN]","[NaN,NaN,NaN,NaN,NaN,NaN]",,0,0,[],[],[],0,,,,,0,,0,,
2026-08-11T14:23:07.176469+00:00,1245582.644352039,channel_forward_p005,0,"[0.0,0.0,0.0,0.0]",0,0,0,0,,,,,,,,,,,,,,,,,,,,,,,,,,,,0,,0,,,"[NaN,NaN,NaN]","[NaN,NaN,NaN,NaN]","[NaN,NaN,NaN,NaN,NaN,NaN]",,0,0,[],[],[],0,,,,,0,,0,,
2026-08-11T14:23:07.226450+00:00,1245582.694332201,channel_forward_p005,0,"[0.0,0.0,0.0,0.0]",0,0,0,0,,,,,,,,,,,,,,,,,,,,,,,,,,,,0,,0,,,"[NaN,NaN,NaN]","[NaN,NaN,NaN,NaN]","[NaN,NaN,NaN,NaN,NaN,NaN]",,0,0,[],[],[],0,,,,,0,,0,,
2026-08-11T14:23:07.276478+00:00,1245582.744360768,channel_forward_p005,0,"[0.0,0.0,0.0,0.0]",0,0,0,0,,,,,,,,,,,,,,,,,,,,,,,,,,,,0,,0,,,"[NaN,NaN,NaN]","[NaN,NaN,NaN,NaN]","[NaN,NaN,NaN,NaN,NaN,NaN]",,0,0,[],[],[],0,,,,,0,,0,,
2026-08-11T14:23:07.326446+00:00,1245582.794328726,channel_forward_p005,0,"[0.0,0.0,0.0,0.0]",0,0,0,0,,,,,,,,,,,,,,,,,,,,,,,,,,,,0,,0,,,"[NaN,NaN,NaN]","[NaN,NaN,NaN,NaN]","[NaN,NaN,NaN,NaN,NaN,NaN]",,0,0,[],[],[],0,,,,,0,,0,,
2026-08-11T14:23:07.376492+00:00,1245582.844374285,channel_forward_p005,0,"[0.0,0.0,0.0,0.0]",0,0,0,0,,,,,,,,,,,,,,,,,,,,,,,,,,,,0,,0,,,"[NaN,NaN,NaN]","[NaN,NaN,NaN,NaN]","[NaN,NaN,NaN,NaN,NaN,NaN]",,0,0,[],[],[],0,,,,,0,,0,,
2026-08-11T14:23:07.426447+00:00,1245582.894329067,channel_forward_p005,0,"[0.0,0.0,0.0,0.0]",0,0,0,0,,,,,,,,,,,,,,,,,,,,,,,,,,,,0,,0,,,"[NaN,NaN,NaN]","[NaN,NaN,NaN,NaN]","[NaN,NaN,NaN,NaN,NaN,NaN]",,0,0,[],[],[],0,,,,,0,,0,,
2026-08-11T14:23:07.476470+00:00,1245582.944352247,channel_forward_p005,0,"[0.0,0.0,0.0,0.0]",0,0,0,0,,,,,,,,,,,,,,,,,,,,,,,,,,,,0,,0,,,"[NaN,NaN,NaN]","[NaN,NaN,NaN,NaN]","[NaN,NaN,NaN,NaN,NaN,NaN]",,0,0,[],[],[],0,,,,,0,,0,,
2026-08-11T14:23:07.526448+00:00,1245582.994330240,channel_forward_p005,0,"[0.0,0.0,0.0,0.0]",0,0,0,0,,,,,,,,,,,,,,,,,,,,,,,,,,,,0,,0,,,"[NaN,NaN,NaN]","[NaN,NaN,NaN,NaN]","[NaN,NaN,NaN,NaN,NaN,NaN]",,0,0,[],[],[],0,,,,,0,,0,,
2026-08-11T14:23:07.576466+00:00,1245583.044348598,channel_forward_p005,0,"[0.0,0.0,0.0,0.0]",0,0,0,0,,,,,,,,,,,,,,,,,,,,,,,,,,,,0,,0,,,"[NaN,NaN,NaN]","[NaN,NaN,NaN,NaN]","[NaN,NaN,NaN,NaN,NaN,NaN]",,0,0,[],[],[],0,,,,,0,,0,,
2026-08-11T14:23:07.626449+00:00,1245583.094331017,channel_forward_p005,0,"[0.0,0.0,0.0,0.0]",0,0,0,0,,,,,,,,,,,,,,,,,,,,,,,,,,,,0,,0,,,"[NaN,NaN,NaN]","[NaN,NaN,NaN,NaN]","[NaN,NaN,NaN,NaN,NaN,NaN]",,0,0,[],[],[],0,,,,,0,,0,,
2026-08-11T14:23:07.676480+00:00,1245583.144361207,channel_forward_p005,0,"[0.0,0.0,0.0,0.0]",0,0,0,0,,,,,,,,,,,,,,,,,,,,,,,,,,,,0,,0,,,"[NaN,NaN,NaN]","[NaN,NaN,NaN,NaN]","[NaN,NaN,NaN,NaN,NaN,NaN]",,0,0,[],[],[],0,,,,,0,,0,,
2026-08-11T14:23:07.726458+00:00,1245583.194339447,channel_forward_p005,0,"[0.0,0.0,0.0,0.0]",0,0,0,0,,,,,,,,,,,,,,,,,,,,,,,,,,,,0,,0,,,"[NaN,NaN,NaN]","[NaN,NaN,NaN,NaN]","[NaN,NaN,NaN,NaN,NaN,NaN]",,0,0,[],[],[],0,,,,,0,,0,,
2026-08-11T14:23:07.776473+00:00,1245583.244354973,channel_forward_p005,0,"[0.0,0.0,0.0,0.0]",0,0,0,0,,,,,,,,,,,,,,,,,,,,,,,,,,,,0,,0,,,"[NaN,NaN,NaN]","[NaN,NaN,NaN,NaN]","[NaN,NaN,NaN,NaN,NaN,NaN]",,0,0,[],[],[],0,,,,,0,,0,,
2026-08-11T14:23:07.826354+00:00,1245583.294241286,channel_forward_p005,0,"[0.0,0.0,0.0,0.0]",0,0,0,0,,,,,,,,,,,,,,,,,,,,,,,,,,,,0,,0,,,"[NaN,NaN,NaN]","[NaN,NaN,NaN,NaN]","[NaN,NaN,NaN,NaN,NaN,NaN]",,0,0,[],[],[],0,,,,,0,,0,,
2026-08-11T14:23:07.876505+00:00,1245583.344386914,channel_forward_p005,0,"[0.0,0.0,0.0,0.0]",0,0,0,0,,,,,,,,,,,,,,,,,,,,,,,,,,,,0,,0,,,"[NaN,NaN,NaN]","[NaN,NaN,NaN,NaN]","[NaN,NaN,NaN,NaN,NaN,NaN]",,0,0,[],[],[],0,,,,,0,,0,,
2026-08-11T14:23:07.926453+00:00,1245583.394335103,channel_forward_p005,0,"[0.0,0.0,0.0,0.0]",0,0,0,0,,,,,,,,,,,,,,,,,,,,,,,,,,,,0,,0,,,"[NaN,NaN,NaN]","[NaN,NaN,NaN,NaN]","[NaN,NaN,NaN,NaN,NaN,NaN]",,0,0,[],[],[],0,,,,,0,,0,,
2026-08-11T14:23:07.976468+00:00,1245583.444349921,channel_forward_p005,0,"[0.0,0.0,0.0,0.0]",0,0,0,0,,,,,,,,,,,,,,,,,,,,,,,,,,,,0,,0,,,"[NaN,NaN,NaN]","[NaN,NaN,NaN,NaN]","[NaN,NaN,NaN,NaN,NaN,NaN]",,0,0,[],[],[],0,,,,,0,,0,,
2026-08-11T14:23:08.026471+00:00,1245583.494353243,channel_forward_p005,0,"[0.0,0.0,0.0,0.0]",0,0,0,0,,,,,,,,,,,,,,,,,,,,,,,,,,,,0,,0,,,"[NaN,NaN,NaN]","[NaN,NaN,NaN,NaN]","[NaN,NaN,NaN,NaN,NaN,NaN]",,0,0,[],[],[],0,,,,,0,,0,,
2026-08-11T14:23:08.076413+00:00,1245583.544295408,channel_forward_p005,0,"[0.0,0.0,0.0,0.0]",0,0,0,0,,,,,,,,,,,,,,,,,,,,,,,,,,,,0,,0,,,"[NaN,NaN,NaN]","[NaN,NaN,NaN,NaN]","[NaN,NaN,NaN,NaN,NaN,NaN]",,0,0,[],[],[],0,,,,,0,,0,,
2026-08-11T14:23:08.126449+00:00,1245583.594331099,channel_forward_p005,0,"[0.0,0.0,0.0,0.0]",0,0,0,0,,,,,,,,,,,,,,,,,,,,,,,,,,,,0,,0,,,"[NaN,NaN,NaN]","[NaN,NaN,NaN,NaN]","[NaN,NaN,NaN,NaN,NaN,NaN]",,0,0,[],[],[],0,,,,,0,,0,,
2026-08-11T14:23:08.176463+00:00,1245583.644345979,channel_forward_p005,0,"[0.0,0.0,0.0,0.0]",0,0,0,0,,,,,,,,,,,,,,,,,,,,,,,,,,,,0,,0,,,"[NaN,NaN,NaN]","[NaN,NaN,NaN,NaN]","[NaN,NaN,NaN,NaN,NaN,NaN]",,0,0,[],[],[],0,,,,,0,,0,,
2026-08-11T14:23:08.226447+00:00,1245583.694329073,channel_forward_p005,0,"[0.0,0.0,0.0,0.0]",0,0,0,0,,,,,,,,,,,,,,,,,,,,,,,,,,,,0,,0,,,"[NaN,NaN,NaN]","[NaN,NaN,NaN,NaN]","[NaN,NaN,NaN,NaN,NaN,NaN]",,0,0,[],[],[],0,,,,,0,,0,,
2026-08-11T14:23:08.276472+00:00,1245583.744354309,channel_forward_p005,0,"[0.0,0.0,0.0,0.0]",0,0,0,0,,,,,,,,,,,,,,,,,,,,,,,,,,,,0,,0,,,"[NaN,NaN,NaN]","[NaN,NaN,NaN,NaN]","[NaN,NaN,NaN,NaN,NaN,NaN]",,0,0,[],[],[],0,,,,,0,,0,,
2026-08-11T14:23:08.326450+00:00,1245583.794331735,channel_forward_p005,0,"[0.0,0.0,0.0,0.0]",0,0,0,0,,,,,,,,,,,,,,,,,,,,,,,,,,,,0,,0,,,"[NaN,NaN,NaN]","[NaN,NaN,NaN,NaN]","[NaN,NaN,NaN,NaN,NaN,NaN]",,0,0,[],[],[],0,,,,,0,,0,,
2026-08-11T14:23:08.376481+00:00,1245583.844362860,channel_forward_p005,0,"[0.0,0.0,0.0,0.0]",0,0,0,0,,,,,,,,,,,,,,,,,,,,,,,,,,,,0,,0,,,"[NaN,NaN,NaN]","[NaN,NaN,NaN,NaN]","[NaN,NaN,NaN,NaN,NaN,NaN]",,0,0,[],[],[],0,,,,,0,,0,,
2026-08-11T14:23:08.426583+00:00,1245583.894460770,channel_forward_p005,0,"[0.0,0.0,0.0,0.0]",0,0,0,0,,,,,,,,,,,,,,,,,,,,,,,,,,,,0,,0,,,"[NaN,NaN,NaN]","[NaN,NaN,NaN,NaN]","[NaN,NaN,NaN,NaN,NaN,NaN]",,0,0,[],[],[],0,,,,,0,,0,,
2026-08-11T14:23:08.476490+00:00,1245583.944372176,channel_forward_p005,0,"[0.0,0.0,0.0,0.0]",0,0,0,0,,,,,,,,,,,,,,,,,,,,,,,,,,,,0,,0,,,"[NaN,NaN,NaN]","[NaN,NaN,NaN,NaN]","[NaN,NaN,NaN,NaN,NaN,NaN]",,0,0,[],[],[],0,,,,,0,,0,,
2026-08-11T14:23:08.526447+00:00,1245583.994329272,channel_forward_p005,0,"[0.0,0.0,0.0,0.0]",0,0,0,0,,,,,,,,,,,,,,,,,,,,,,,,,,,,0,,0,,,"[NaN,NaN,NaN]","[NaN,NaN,NaN,NaN]","[NaN,NaN,NaN,NaN,NaN,NaN]",,0,0,[],[],[],0,,,,,0,,0,,
2026-08-11T14:23:08.576486+00:00,1245584.044368273,channel_forward_p005,0,"[0.0,0.0,0.0,0.0]",0,0,0,0,,,,,,,,,,,,,,,,,,,,,,,,,,,,0,,0,,,"[NaN,NaN,NaN]","[NaN,NaN,NaN,NaN]","[NaN,NaN,NaN,NaN,NaN,NaN]",,0,0,[],[],[],0,,,,,0,,0,,
2026-08-11T14:23:08.626448+00:00,1245584.094330364,channel_forward_p005,0,"[0.0,0.0,0.0,0.0]",0,0,0,0,,,,,,,,,,,,,,,,,,,,,,,,,,,,0,,0,,,"[NaN,NaN,NaN]","[NaN,NaN,NaN,NaN]","[NaN,NaN,NaN,NaN,NaN,NaN]",,0,0,[],[],[],0,,,,,0,,0,,
2026-08-11T14:23:08.676465+00:00,1245584.144346793,channel_forward_p005,0,"[0.0,0.0,0.0,0.0]",0,0,0,0,,,,,,,,,,,,,,,,,,,,,,,,,,,,0,,0,,,"[NaN,NaN,NaN]","[NaN,NaN,NaN,NaN]","[NaN,NaN,NaN,NaN,NaN,NaN]",,0,0,[],[],[],0,,,,,0,,0,,
2026-08-11T14:23:08.726447+00:00,1245584.194328308,channel_forward_p005,0,"[0.0,0.0,0.0,0.0]",0,0,0,0,,,,,,,,,,,,,,,,,,,,,,,,,,,,0,,0,,,"[NaN,NaN,NaN]","[NaN,NaN,NaN,NaN]","[NaN,NaN,NaN,NaN,NaN,NaN]",,0,0,[],[],[],0,,,,,0,,0,,
2026-08-11T14:23:08.776480+00:00,1245584.244362434,channel_forward_p005,0,"[0.0,0.0,0.0,0.0]",0,0,0,0,,,,,,,,,,,,,,,,,,,,,,,,,,,,0,,0,,,"[NaN,NaN,NaN]","[NaN,NaN,NaN,NaN]","[NaN,NaN,NaN,NaN,NaN,NaN]",,0,0,[],[],[],0,,,,,0,,0,,
2026-08-11T14:23:08.826450+00:00,1245584.294331567,channel_forward_p005,0,"[0.0,0.0,0.0,0.0]",0,0,0,0,,,,,,,,,,,,,,,,,,,,,,,,,,,,0,,0,,,"[NaN,NaN,NaN]","[NaN,NaN,NaN,NaN]","[NaN,NaN,NaN,NaN,NaN,NaN]",,0,0,[],[],[],0,,,,,0,,0,,
2026-08-11T14:23:08.876463+00:00,1245584.344345602,channel_forward_p005,0,"[0.0,0.0,0.0,0.0]",0,0,0,0,,,,,,,,,,,,,,,,,,,,,,,,,,,,0,,0,,,"[NaN,NaN,NaN]","[NaN,NaN,NaN,NaN]","[NaN,NaN,NaN,NaN,NaN,NaN]",,0,0,[],[],[],0,,,,,0,,0,,
2026-08-11T14:23:08.926454+00:00,1245584.394336318,channel_forward_p005,0,"[0.0,0.0,0.0,0.0]",0,0,0,0,,,,,,,,,,,,,,,,,,,,,,,,,,,,0,,0,,,"[NaN,NaN,NaN]","[NaN,NaN,NaN,NaN]","[NaN,NaN,NaN,NaN,NaN,NaN]",,0,0,[],[],[],0,,,,,0,,0,,
2026-08-11T14:23:08.976488+00:00,1245584.444370615,channel_forward_p005,0,"[0.0,0.0,0.0,0.0]",0,0,0,0,,,,,,,,,,,,,,,,,,,,,,,,,,,,0,,0,,,"[NaN,NaN,NaN]","[NaN,NaN,NaN,NaN]","[NaN,NaN,NaN,NaN,NaN,NaN]",,0,0,[],[],[],0,,,,,0,,0,,
2026-08-11T14:23:09.026447+00:00,1245584.494328891,channel_forward_p005,0,"[0.0,0.0,0.0,0.0]",0,0,0,0,,,,,,,,,,,,,,,,,,,,,,,,,,,,0,,0,,,"[NaN,NaN,NaN]","[NaN,NaN,NaN,NaN]","[NaN,NaN,NaN,NaN,NaN,NaN]",,0,0,[],[],[],0,,,,,0,,0,,
2026-08-11T14:23:09.076480+00:00,1245584.544363038,channel_forward_p005,0,"[0.0,0.0,0.0,0.0]",0,0,0,0,,,,,,,,,,,,,,,,,,,,,,,,,,,,0,,0,,,"[NaN,NaN,NaN]","[NaN,NaN,NaN,NaN]","[NaN,NaN,NaN,NaN,NaN,NaN]",,0,0,[],[],[],0,,,,,0,,0,,
2026-08-11T14:23:09.126444+00:00,1245584.594326429,channel_forward_p005,0,"[0.0,0.0,0.0,0.0]",0,0,0,0,,,,,,,,,,,,,,,,,,,,,,,,,,,,0,,0,,,"[NaN,NaN,NaN]","[NaN,NaN,NaN,NaN]","[NaN,NaN,NaN,NaN,NaN,NaN]",,0,0,[],[],[],0,,,,,0,,0,,
2026-08-11T14:23:09.176467+00:00,1245584.644349834,channel_forward_p005,0,"[0.0,0.0,0.0,0.0]",0,0,0,0,,,,,,,,,,,,,,,,,,,,,,,,,,,,0,,0,,,"[NaN,NaN,NaN]","[NaN,NaN,NaN,NaN]","[NaN,NaN,NaN,NaN,NaN,NaN]",,0,0,[],[],[],0,,,,,0,,0,,
2026-08-11T14:23:09.226600+00:00,1245584.694475010,channel_forward_p005,0,"[0.0,0.0,0.0,0.0]",0,0,0,0,,,,,,,,,,,,,,,,,,,,,,,,,,,,0,,0,,,"[NaN,NaN,NaN]","[NaN,NaN,NaN,NaN]","[NaN,NaN,NaN,NaN,NaN,NaN]",,0,0,[],[],[],0,,,,,0,,0,,
2026-08-11T14:23:09.276526+00:00,1245584.744402289,channel_forward_p005,0,"[0.0,0.0,0.0,0.0]",0,0,0,0,,,,,,,,,,,,,,,,,,,,,,,,,,,,0,,0,,,"[NaN,NaN,NaN]","[NaN,NaN,NaN,NaN]","[NaN,NaN,NaN,NaN,NaN,NaN]",,0,0,[],[],[],0,,,,,0,,0,,
2026-08-11T14:23:09.326463+00:00,1245584.794344882,channel_forward_p005,0,"[0.0,0.0,0.0,0.0]",0,0,0,0,,,,,,,,,,,,,,,,,,,,,,,,,,,,0,,0,,,"[NaN,NaN,NaN]","[NaN,NaN,NaN,NaN]","[NaN,NaN,NaN,NaN,NaN,NaN]",,0,0,[],[],[],0,,,,,0,,0,,
2026-08-11T14:23:09.376476+00:00,1245584.844358091,channel_forward_p005,0,"[0.0,0.0,0.0,0.0]",0,0,0,0,,,,,,,,,,,,,,,,,,,,,,,,,,,,0,,0,,,"[NaN,NaN,NaN]","[NaN,NaN,NaN,NaN]","[NaN,NaN,NaN,NaN,NaN,NaN]",,0,0,[],[],[],0,,,,,0,,0,,
2026-08-11T14:23:09.426447+00:00,1245584.894329272,channel_forward_p005,0,"[0.0,0.0,0.0,0.0]",0,0,0,0,,,,,,,,,,,,,,,,,,,,,,,,,,,,0,,0,,,"[NaN,NaN,NaN]","[NaN,NaN,NaN,NaN]","[NaN,NaN,NaN,NaN,NaN,NaN]",,0,0,[],[],[],0,,,,,0,,0,,
2026-08-11T14:23:09.476468+00:00,1245584.944350708,channel_forward_p005,0,"[0.0,0.0,0.0,0.0]",0,0,0,0,,,,,,,,,,,,,,,,,,,,,,,,,,,,0,,0,,,"[NaN,NaN,NaN]","[NaN,NaN,NaN,NaN]","[NaN,NaN,NaN,NaN,NaN,NaN]",,0,0,[],[],[],0,,,,,0,,0,,
2026-08-11T14:23:09.526445+00:00,1245584.994327149,channel_forward_p005,0,"[0.0,0.0,0.0,0.0]",0,0,0,0,,,,,,,,,,,,,,,,,,,,,,,,,,,,0,,0,,,"[NaN,NaN,NaN]","[NaN,NaN,NaN,NaN]","[NaN,NaN,NaN,NaN,NaN,NaN]",,0,0,[],[],[],0,,,,,0,,0,,
2026-08-11T14:23:09.576585+00:00,1245585.044467571,channel_forward_p005,0,"[0.0,0.0,0.0,0.0]",0,0,0,0,,,,,,,,,,,,,,,,,,,,,,,,,,,,0,,0,,,"[NaN,NaN,NaN]","[NaN,NaN,NaN,NaN]","[NaN,NaN,NaN,NaN,NaN,NaN]",,0,0,[],[],[],0,,,,,0,,0,,
2026-08-11T14:23:09.626459+00:00,1245585.094340225,channel_forward_p005,0,"[0.0,0.0,0.0,0.0]",0,0,0,0,,,,,,,,,,,,,,,,,,,,,,,,,,,,0,,0,,,"[NaN,NaN,NaN]","[NaN,NaN,NaN,NaN]","[NaN,NaN,NaN,NaN,NaN,NaN]",,0,0,[],[],[],0,,,,,0,,0,,
2026-08-11T14:23:09.676471+00:00,1245585.144354073,channel_forward_p005,0,"[0.0,0.0,0.0,0.0]",0,0,0,0,,,,,,,,,,,,,,,,,,,,,,,,,,,,0,,0,,,"[NaN,NaN,NaN]","[NaN,NaN,NaN,NaN]","[NaN,NaN,NaN,NaN,NaN,NaN]",,0,0,[],[],[],0,,,,,0,,0,,
2026-08-11T14:23:09.726450+00:00,1245585.194331571,channel_forward_p005,0,"[0.0,0.0,0.0,0.0]",0,0,0,0,,,,,,,,,,,,,,,,,,,,,,,,,,,,0,,0,,,"[NaN,NaN,NaN]","[NaN,NaN,NaN,NaN]","[NaN,NaN,NaN,NaN,NaN,NaN]",,0,0,[],[],[],0,,,,,0,,0,,
2026-08-11T14:23:09.776472+00:00,1245585.244353913,channel_forward_p005,0,"[0.0,0.0,0.0,0.0]",0,0,0,0,,,,,,,,,,,,,,,,,,,,,,,,,,,,0,,0,,,"[NaN,NaN,NaN]","[NaN,NaN,NaN,NaN]","[NaN,NaN,NaN,NaN,NaN,NaN]",,0,0,[],[],[],0,,,,,0,,0,,
2026-08-11T14:23:09.826451+00:00,1245585.294333042,channel_forward_p005,0,"[0.0,0.0,0.0,0.0]",0,0,0,0,,,,,,,,,,,,,,,,,,,,,,,,,,,,0,,0,,,"[NaN,NaN,NaN]","[NaN,NaN,NaN,NaN]","[NaN,NaN,NaN,NaN,NaN,NaN]",,0,0,[],[],[],0,,,,,0,,0,,
2026-08-11T14:23:09.876495+00:00,1245585.344376845,channel_forward_p005,0,"[0.0,0.0,0.0,0.0]",0,0,0,0,,,,,,,,,,,,,,,,,,,,,,,,,,,,0,,0,,,"[NaN,NaN,NaN]","[NaN,NaN,NaN,NaN]","[NaN,NaN,NaN,NaN,NaN,NaN]",,0,0,[],[],[],0,,,,,0,,0,,
2026-08-11T14:23:09.926516+00:00,1245585.394397740,channel_forward_p005,0,"[0.0,0.0,0.0,0.0]",0,0,0,0,,,,,,,,,,,,,,,,,,,,,,,,,,,,0,,0,,,"[NaN,NaN,NaN]","[NaN,NaN,NaN,NaN]","[NaN,NaN,NaN,NaN,NaN,NaN]",,0,0,[],[],[],0,,,,,0,,0,,
2026-08-11T14:23:09.976470+00:00,1245585.444351981,channel_forward_p005,0,"[0.0,0.0,0.0,0.0]",0,0,0,0,,,,,,,,,,,,,,,,,,,,,,,,,,,,0,,0,,,"[NaN,NaN,NaN]","[NaN,NaN,NaN,NaN]","[NaN,NaN,NaN,NaN,NaN,NaN]",,0,0,[],[],[],0,,,,,0,,0,,
2026-08-11T14:23:10.026445+00:00,1245585.494327526,channel_forward_p005,0,"[0.0,0.0,0.0,0.0]",0,0,0,0,,,,,,,,,,,,,,,,,,,,,,,,,,,,0,,0,,,"[NaN,NaN,NaN]","[NaN,NaN,NaN,NaN]","[NaN,NaN,NaN,NaN,NaN,NaN]",,0,0,[],[],[],0,,,,,0,,0,,
2026-08-11T14:23:10.076475+00:00,1245585.544357942,channel_forward_p005,0,"[0.0,0.0,0.0,0.0]",0,0,0,0,,,,,,,,,,,,,,,,,,,,,,,,,,,,0,,0,,,"[NaN,NaN,NaN]","[NaN,NaN,NaN,NaN]","[NaN,NaN,NaN,NaN,NaN,NaN]",,0,0,[],[],[],0,,,,,0,,0,,
2026-08-11T14:23:10.126390+00:00,1245585.594272481,channel_forward_p005,0,"[0.0,0.0,0.0,0.0]",0,0,0,0,,,,,,,,,,,,,,,,,,,,,,,,,,,,0,,0,,,"[NaN,NaN,NaN]","[NaN,NaN,NaN,NaN]","[NaN,NaN,NaN,NaN,NaN,NaN]",,0,0,[],[],[],0,,,,,0,,0,,
2026-08-11T14:23:10.176470+00:00,1245585.644352847,channel_forward_p005,0,"[0.0,0.0,0.0,0.0]",0,0,0,0,,,,,,,,,,,,,,,,,,,,,,,,,,,,0,,0,,,"[NaN,NaN,NaN]","[NaN,NaN,NaN,NaN]","[NaN,NaN,NaN,NaN,NaN,NaN]",,0,0,[],[],[],0,,,,,0,,0,,
2026-08-11T14:23:10.226454+00:00,1245585.694336346,channel_forward_p005,0,"[0.0,0.0,0.0,0.0]",0,0,0,0,,,,,,,,,,,,,,,,,,,,,,,,,,,,0,,0,,,"[NaN,NaN,NaN]","[NaN,NaN,NaN,NaN]","[NaN,NaN,NaN,NaN,NaN,NaN]",,0,0,[],[],[],0,,,,,0,,0,,
2026-08-11T14:23:10.276408+00:00,1245585.744291134,channel_forward_p005,0,"[0.0,0.0,0.0,0.0]",0,0,0,0,,,,,,,,,,,,,,,,,,,,,,,,,,,,0,,0,,,"[NaN,NaN,NaN]","[NaN,NaN,NaN,NaN]","[NaN,NaN,NaN,NaN,NaN,NaN]",,0,0,[],[],[],0,,,,,0,,0,,
2026-08-11T14:23:10.326452+00:00,1245585.794333970,channel_forward_p005,0,"[0.0,0.0,0.0,0.0]",0,0,0,0,,,,,,,,,,,,,,,,,,,,,,,,,,,,0,,0,,,"[NaN,NaN,NaN]","[NaN,NaN,NaN,NaN]","[NaN,NaN,NaN,NaN,NaN,NaN]",,0,0,[],[],[],0,,,,,0,,0,,
2026-08-11T14:23:10.376475+00:00,1245585.844357513,channel_forward_p005,0,"[0.0,0.0,0.0,0.0]",0,0,0,0,,,,,,,,,,,,,,,,,,,,,,,,,,,,0,,0,,,"[NaN,NaN,NaN]","[NaN,NaN,NaN,NaN]","[NaN,NaN,NaN,NaN,NaN,NaN]",,0,0,[],[],[],0,,,,,0,,0,,
2026-08-11T14:23:10.426476+00:00,1245585.894357462,channel_forward_p005,0,"[0.0,0.0,0.0,0.0]",0,0,0,0,,,,,,,,,,,,,,,,,,,,,,,,,,,,0,,0,,,"[NaN,NaN,NaN]","[NaN,NaN,NaN,NaN]","[NaN,NaN,NaN,NaN,NaN,NaN]",,0,0,[],[],[],0,,,,,0,,0,,
2026-08-11T14:23:10.476529+00:00,1245585.944404864,channel_forward_p005,0,"[0.0,0.0,0.0,0.0]",0,0,0,0,,,,,,,,,,,,,,,,,,,,,,,,,,,,0,,0,,,"[NaN,NaN,NaN]","[NaN,NaN,NaN,NaN]","[NaN,NaN,NaN,NaN,NaN,NaN]",,0,0,[],[],[],0,,,,,0,,0,,
2026-08-11T14:23:10.526472+00:00,1245585.994353606,channel_forward_p005,0,"[0.0,0.0,0.0,0.0]",0,0,0,0,,,,,,,,,,,,,,,,,,,,,,,,,,,,0,,0,,,"[NaN,NaN,NaN]","[NaN,NaN,NaN,NaN]","[NaN,NaN,NaN,NaN,NaN,NaN]",,0,0,[],[],[],0,,,,,0,,0,,
2026-08-11T14:23:10.576487+00:00,1245586.044369558,channel_forward_p005,0,"[0.0,0.0,0.0,0.0]",0,0,0,0,,,,,,,,,,,,,,,,,,,,,,,,,,,,0,,0,,,"[NaN,NaN,NaN]","[NaN,NaN,NaN,NaN]","[NaN,NaN,NaN,NaN,NaN,NaN]",,0,0,[],[],[],0,,,,,0,,0,,
2026-08-11T14:23:10.626445+00:00,1245586.094326918,channel_forward_p005,0,"[0.0,0.0,0.0,0.0]",0,0,0,0,,,,,,,,,,,,,,,,,,,,,,,,,,,,0,,0,,,"[NaN,NaN,NaN]","[NaN,NaN,NaN,NaN]","[NaN,NaN,NaN,NaN,NaN,NaN]",,0,0,[],[],[],0,,,,,0,,0,,
2026-08-11T14:23:10.676475+00:00,1245586.144357411,channel_forward_p005,0,"[0.0,0.0,0.0,0.0]",0,0,0,0,,,,,,,,,,,,,,,,,,,,,,,,,,,,0,,0,,,"[NaN,NaN,NaN]","[NaN,NaN,NaN,NaN]","[NaN,NaN,NaN,NaN,NaN,NaN]",,0,0,[],[],[],0,,,,,0,,0,,
2026-08-11T14:23:10.726449+00:00,1245586.194330409,channel_forward_p005,0,"[0.0,0.0,0.0,0.0]",0,0,0,0,,,,,,,,,,,,,,,,,,,,,,,,,,,,0,,0,,,"[NaN,NaN,NaN]","[NaN,NaN,NaN,NaN]","[NaN,NaN,NaN,NaN,NaN,NaN]",,0,0,[],[],[],0,,,,,0,,0,,
2026-08-11T14:23:10.776469+00:00,1245586.244351299,channel_forward_p005,0,"[0.0,0.0,0.0,0.0]",0,0,0,0,,,,,,,,,,,,,,,,,,,,,,,,,,,,0,,0,,,"[NaN,NaN,NaN]","[NaN,NaN,NaN,NaN]","[NaN,NaN,NaN,NaN,NaN,NaN]",,0,0,[],[],[],0,,,,,0,,0,,
2026-08-11T14:23:10.826453+00:00,1245586.294334840,channel_forward_p005,0,"[0.0,0.0,0.0,0.0]",0,0,0,0,,,,,,,,,,,,,,,,,,,,,,,,,,,,0,,0,,,"[NaN,NaN,NaN]","[NaN,NaN,NaN,NaN]","[NaN,NaN,NaN,NaN,NaN,NaN]",,0,0,[],[],[],0,,,,,0,,0,,
2026-08-11T14:23:10.876475+00:00,1245586.344357501,channel_forward_p005,0,"[0.0,0.0,0.0,0.0]",0,0,0,0,,,,,,,,,,,,,,,,,,,,,,,,,,,,0,,0,,,"[NaN,NaN,NaN]","[NaN,NaN,NaN,NaN]","[NaN,NaN,NaN,NaN,NaN,NaN]",,0,0,[],[],[],0,,,,,0,,0,,
2026-08-11T14:23:10.926481+00:00,1245586.394362938,channel_forward_p005,0,"[0.0,0.0,0.0,0.0]",0,0,0,0,,,,,,,,,,,,,,,,,,,,,,,,,,,,0,,0,,,"[NaN,NaN,NaN]","[NaN,NaN,NaN,NaN]","[NaN,NaN,NaN,NaN,NaN,NaN]",,0,0,[],[],[],0,,,,,0,,0,,
2026-08-11T14:23:10.976469+00:00,1245586.444351342,channel_forward_p005,0,"[0.0,0.0,0.0,0.0]",0,0,0,0,,,,,,,,,,,,,,,,,,,,,,,,,,,,0,,0,,,"[NaN,NaN,NaN]","[NaN,NaN,NaN,NaN]","[NaN,NaN,NaN,NaN,NaN,NaN]",,0,0,[],[],[],0,,,,,0,,0,,
2026-08-11T14:23:11.026485+00:00,1245586.494367481,channel_forward_p005,0,"[0.0,0.0,0.0,0.0]",0,0,0,0,,,,,,,,,,,,,,,,,,,,,,,,,,,,0,,0,,,"[NaN,NaN,NaN]","[NaN,NaN,NaN,NaN]","[NaN,NaN,NaN,NaN,NaN,NaN]",,0,0,[],[],[],0,,,,,0,,0,,
2026-08-11T14:23:11.076469+00:00,1245586.544351600,channel_forward_p005,0,"[0.0,0.0,0.0,0.0]",0,0,0,0,,,,,,,,,,,,,,,,,,,,,,,,,,,,0,,0,,,"[NaN,NaN,NaN]","[NaN,NaN,NaN,NaN]","[NaN,NaN,NaN,NaN,NaN,NaN]",,0,0,[],[],[],0,,,,,0,,0,,
2026-08-11T14:23:11.126444+00:00,1245586.594326292,channel_forward_p005,0,"[0.0,0.0,0.0,0.0]",0,0,0,0,,,,,,,,,,,,,,,,,,,,,,,,,,,,0,,0,,,"[NaN,NaN,NaN]","[NaN,NaN,NaN,NaN]","[NaN,NaN,NaN,NaN,NaN,NaN]",,0,0,[],[],[],0,,,,,0,,0,,
2026-08-11T14:23:11.176488+00:00,1245586.644371137,channel_forward_p005,0,"[0.0,0.0,0.0,0.0]",0,0,0,0,,,,,,,,,,,,,,,,,,,,,,,,,,,,0,,0,,,"[NaN,NaN,NaN]","[NaN,NaN,NaN,NaN]","[NaN,NaN,NaN,NaN,NaN,NaN]",,0,0,[],[],[],0,,,,,0,,0,,
2026-08-11T14:23:11.226443+00:00,1245586.694324734,channel_forward_p005,0,"[0.0,0.0,0.0,0.0]",0,0,0,0,,,,,,,,,,,,,,,,,,,,,,,,,,,,0,,0,,,"[NaN,NaN,NaN]","[NaN,NaN,NaN,NaN]","[NaN,NaN,NaN,NaN,NaN,NaN]",,0,0,[],[],[],0,,,,,0,,0,,
2026-08-11T14:23:11.276465+00:00,1245586.744347966,channel_forward_p005,0,"[0.0,0.0,0.0,0.0]",0,0,0,0,,,,,,,,,,,,,,,,,,,,,,,,,,,,0,,0,,,"[NaN,NaN,NaN]","[NaN,NaN,NaN,NaN]","[NaN,NaN,NaN,NaN,NaN,NaN]",,0,0,[],[],[],0,,,,,0,,0,,
2026-08-11T14:23:11.326449+00:00,1245586.794331459,channel_forward_p005,0,"[0.0,0.0,0.0,0.0]",0,0,0,0,,,,,,,,,,,,,,,,,,,,,,,,,,,,0,,0,,,"[NaN,NaN,NaN]","[NaN,NaN,NaN,NaN]","[NaN,NaN,NaN,NaN,NaN,NaN]",,0,0,[],[],[],0,,,,,0,,0,,
2026-08-11T14:23:11.376477+00:00,1245586.844359881,channel_forward_p005,0,"[0.0,0.0,0.0,0.0]",0,0,0,0,,,,,,,,,,,,,,,,,,,,,,,,,,,,0,,0,,,"[NaN,NaN,NaN]","[NaN,NaN,NaN,NaN]","[NaN,NaN,NaN,NaN,NaN,NaN]",,0,0,[],[],[],0,,,,,0,,0,,
2026-08-11T14:23:11.426446+00:00,1245586.894327706,channel_forward_p005,0,"[0.0,0.0,0.0,0.0]",0,0,0,0,,,,,,,,,,,,,,,,,,,,,,,,,,,,0,,0,,,"[NaN,NaN,NaN]","[NaN,NaN,NaN,NaN]","[NaN,NaN,NaN,NaN,NaN,NaN]",,0,0,[],[],[],0,,,,,0,,0,,
2026-08-11T14:23:11.476470+00:00,1245586.944352112,channel_forward_p005,0,"[0.0,0.0,0.0,0.0]",0,0,0,0,,,,,,,,,,,,,,,,,,,,,,,,,,,,0,,0,,,"[NaN,NaN,NaN]","[NaN,NaN,NaN,NaN]","[NaN,NaN,NaN,NaN,NaN,NaN]",,0,0,[],[],[],0,,,,,0,,0,,
2026-08-11T14:23:11.526446+00:00,1245586.994327247,channel_forward_p005,0,"[0.0,0.0,0.0,0.0]",0,0,0,0,,,,,,,,,,,,,,,,,,,,,,,,,,,,0,,0,,,"[NaN,NaN,NaN]","[NaN,NaN,NaN,NaN]","[NaN,NaN,NaN,NaN,NaN,NaN]",,0,0,[],[],[],0,,,,,0,,0,,
2026-08-11T14:23:11.576468+00:00,1245587.044350965,channel_forward_p005,0,"[0.0,0.0,0.0,0.0]",0,0,0,0,,,,,,,,,,,,,,,,,,,,,,,,,,,,0,,0,,,"[NaN,NaN,NaN]","[NaN,NaN,NaN,NaN]","[NaN,NaN,NaN,NaN,NaN,NaN]",,0,0,[],[],[],0,,,,,0,,0,,
2026-08-11T14:23:11.626447+00:00,1245587.094328894,channel_forward_p005,0,"[0.0,0.0,0.0,0.0]",0,0,0,0,,,,,,,,,,,,,,,,,,,,,,,,,,,,0,,0,,,"[NaN,NaN,NaN]","[NaN,NaN,NaN,NaN]","[NaN,NaN,NaN,NaN,NaN,NaN]",,0,0,[],[],[],0,,,,,0,,0,,
2026-08-11T14:23:11.676144+00:00,1245587.144043760,channel_forward_p005,0,"[0.0,0.0,0.0,0.0]",0,0,0,0,,,,,,,,,,,,,,,,,,,,,,,,,,,,0,,0,,,"[NaN,NaN,NaN]","[NaN,NaN,NaN,NaN]","[NaN,NaN,NaN,NaN,NaN,NaN]",,0,0,[],[],[],0,,,,,0,,0,,
2026-08-11T14:23:11.726445+00:00,1245587.194326442,channel_forward_p005,0,"[0.0,0.0,0.0,0.0]",0,0,0,0,,,,,,,,,,,,,,,,,,,,,,,,,,,,0,,0,,,"[NaN,NaN,NaN]","[NaN,NaN,NaN,NaN]","[NaN,NaN,NaN,NaN,NaN,NaN]",,0,0,[],[],[],0,,,,,0,,0,,
2026-08-11T14:23:11.776474+00:00,1245587.244356252,channel_forward_p005,0,"[0.0,0.0,0.0,0.0]",0,0,0,0,,,,,,,,,,,,,,,,,,,,,,,,,,,,0,,0,,,"[NaN,NaN,NaN]","[NaN,NaN,NaN,NaN]","[NaN,NaN,NaN,NaN,NaN,NaN]",,0,0,[],[],[],0,,,,,0,,0,,
2026-08-11T14:23:11.826443+00:00,1245587.294325342,channel_forward_p005,0,"[0.0,0.0,0.0,0.0]",0,0,0,0,,,,,,,,,,,,,,,,,,,,,,,,,,,,0,,0,,,"[NaN,NaN,NaN]","[NaN,NaN,NaN,NaN]","[NaN,NaN,NaN,NaN,NaN,NaN]",,0,0,[],[],[],0,,,,,0,,0,,
2026-08-11T14:23:11.876469+00:00,1245587.344351588,channel_forward_p005,0,"[0.0,0.0,0.0,0.0]",0,0,0,0,,,,,,,,,,,,,,,,,,,,,,,,,,,,0,,0,,,"[NaN,NaN,NaN]","[NaN,NaN,NaN,NaN]","[NaN,NaN,NaN,NaN,NaN,NaN]",,0,0,[],[],[],0,,,,,0,,0,,
2026-08-11T14:23:11.926475+00:00,1245587.394357292,channel_forward_p005,0,"[0.0,0.0,0.0,0.0]",0,0,0,0,,,,,,,,,,,,,,,,,,,,,,,,,,,,0,,0,,,"[NaN,NaN,NaN]","[NaN,NaN,NaN,NaN]","[NaN,NaN,NaN,NaN,NaN,NaN]",,0,0,[],[],[],0,,,,,0,,0,,
2026-08-11T14:23:11.976472+00:00,1245587.444354432,channel_forward_p005,0,"[0.0,0.0,0.0,0.0]",0,0,0,0,,,,,,,,,,,,,,,,,,,,,,,,,,,,0,,0,,,"[NaN,NaN,NaN]","[NaN,NaN,NaN,NaN]","[NaN,NaN,NaN,NaN,NaN,NaN]",,0,0,[],[],[],0,,,,,0,,0,,
2026-08-11T14:23:12.026461+00:00,1245587.494342370,channel_forward_p005,0,"[0.0,0.0,0.0,0.0]",0,0,0,0,,,,,,,,,,,,,,,,,,,,,,,,,,,,0,,0,,,"[NaN,NaN,NaN]","[NaN,NaN,NaN,NaN]","[NaN,NaN,NaN,NaN,NaN,NaN]",,0,0,[],[],[],0,,,,,0,,0,,
2026-08-11T14:23:12.076475+00:00,1245587.544357603,channel_forward_p005,0,"[0.0,0.0,0.0,0.0]",0,0,0,0,,,,,,,,,,,,,,,,,,,,,,,,,,,,0,,0,,,"[NaN,NaN,NaN]","[NaN,NaN,NaN,NaN]","[NaN,NaN,NaN,NaN,NaN,NaN]",,0,0,[],[],[],0,,,,,0,,0,,
2026-08-11T14:23:12.126446+00:00,1245587.594328324,channel_forward_p005,0,"[0.0,0.0,0.0,0.0]",0,0,0,0,,,,,,,,,,,,,,,,,,,,,,,,,,,,0,,0,,,"[NaN,NaN,NaN]","[NaN,NaN,NaN,NaN]","[NaN,NaN,NaN,NaN,NaN,NaN]",,0,0,[],[],[],0,,,,,0,,0,,
2026-08-11T14:23:12.176461+00:00,1245587.644344040,channel_forward_p005,0,"[0.0,0.0,0.0,0.0]",0,0,0,0,,,,,,,,,,,,,,,,,,,,,,,,,,,,0,,0,,,"[NaN,NaN,NaN]","[NaN,NaN,NaN,NaN]","[NaN,NaN,NaN,NaN,NaN,NaN]",,0,0,[],[],[],0,,,,,0,,0,,
2026-08-11T14:23:12.226450+00:00,1245587.694331811,channel_forward_p005,0,"[0.0,0.0,0.0,0.0]",0,0,0,0,,,,,,,,,,,,,,,,,,,,,,,,,,,,0,,0,,,"[NaN,NaN,NaN]","[NaN,NaN,NaN,NaN]","[NaN,NaN,NaN,NaN,NaN,NaN]",,0,0,[],[],[],0,,,,,0,,0,,
2026-08-11T14:23:12.276472+00:00,1245587.744354484,channel_forward_p005,0,"[0.0,0.0,0.0,0.0]",0,0,0,0,,,,,,,,,,,,,,,,,,,,,,,,,,,,0,,0,,,"[NaN,NaN,NaN]","[NaN,NaN,NaN,NaN]","[NaN,NaN,NaN,NaN,NaN,NaN]",,0,0,[],[],[],0,,,,,0,,0,,
2026-08-11T14:23:12.326441+00:00,1245587.794323168,channel_forward_p005,0,"[0.0,0.0,0.0,0.0]",0,0,0,0,,,,,,,,,,,,,,,,,,,,,,,,,,,,0,,0,,,"[NaN,NaN,NaN]","[NaN,NaN,NaN,NaN]","[NaN,NaN,NaN,NaN,NaN,NaN]",,0,0,[],[],[],0,,,,,0,,0,,
2026-08-11T14:23:12.376472+00:00,1245587.844354638,channel_forward_p005,0,"[0.0,0.0,0.0,0.0]",0,0,0,0,,,,,,,,,,,,,,,,,,,,,,,,,,,,0,,0,,,"[NaN,NaN,NaN]","[NaN,NaN,NaN,NaN]","[NaN,NaN,NaN,NaN,NaN,NaN]",,0,0,[],[],[],0,,,,,0,,0,,
2026-08-11T14:23:12.426446+00:00,1245587.894327416,channel_forward_p005,0,"[0.0,0.0,0.0,0.0]",0,0,0,0,,,,,,,,,,,,,,,,,,,,,,,,,,,,0,,0,,,"[NaN,NaN,NaN]","[NaN,NaN,NaN,NaN]","[NaN,NaN,NaN,NaN,NaN,NaN]",,0,0,[],[],[],0,,,,,0,,0,,
2026-08-11T14:23:12.476493+00:00,1245587.944374343,channel_forward_p005,0,"[0.0,0.0,0.0,0.0]",0,0,0,0,,,,,,,,,,,,,,,,,,,,,,,,,,,,0,,0,,,"[NaN,NaN,NaN]","[NaN,NaN,NaN,NaN]","[NaN,NaN,NaN,NaN,NaN,NaN]",,0,0,[],[],[],0,,,,,0,,0,,
2026-08-11T14:23:12.526569+00:00,1245587.994445126,channel_forward_p005,0,"[0.0,0.0,0.0,0.0]",0,0,0,0,,,,,,,,,,,,,,,,,,,,,,,,,,,,0,,0,,,"[NaN,NaN,NaN]","[NaN,NaN,NaN,NaN]","[NaN,NaN,NaN,NaN,NaN,NaN]",,0,0,[],[],[],0,,,,,0,,0,,
2026-08-11T14:23:12.576504+00:00,1245588.044386830,channel_forward_p005,0,"[0.0,0.0,0.0,0.0]",0,0,0,0,,,,,,,,,,,,,,,,,,,,,,,,,,,,0,,0,,,"[NaN,NaN,NaN]","[NaN,NaN,NaN,NaN]","[NaN,NaN,NaN,NaN,NaN,NaN]",,0,0,[],[],[],0,,,,,0,,0,,
2026-08-11T14:23:12.626451+00:00,1245588.094332658,channel_forward_p005,0,"[0.0,0.0,0.0,0.0]",0,0,0,0,,,,,,,,,,,,,,,,,,,,,,,,,,,,0,,0,,,"[NaN,NaN,NaN]","[NaN,NaN,NaN,NaN]","[NaN,NaN,NaN,NaN,NaN,NaN]",,0,0,[],[],[],0,,,,,0,,0,,
2026-08-11T14:23:12.676474+00:00,1245588.144356200,channel_forward_p005,0,"[0.0,0.0,0.0,0.0]",0,0,0,0,,,,,,,,,,,,,,,,,,,,,,,,,,,,0,,0,,,"[NaN,NaN,NaN]","[NaN,NaN,NaN,NaN]","[NaN,NaN,NaN,NaN,NaN,NaN]",,0,0,[],[],[],0,,,,,0,,0,,
2026-08-11T14:23:12.726450+00:00,1245588.194331689,channel_forward_p005,0,"[0.0,0.0,0.0,0.0]",0,0,0,0,,,,,,,,,,,,,,,,,,,,,,,,,,,,0,,0,,,"[NaN,NaN,NaN]","[NaN,NaN,NaN,NaN]","[NaN,NaN,NaN,NaN,NaN,NaN]",,0,0,[],[],[],0,,,,,0,,0,,
2026-08-11T14:23:12.776468+00:00,1245588.244350897,channel_forward_p005,0,"[0.0,0.0,0.0,0.0]",0,0,0,0,,,,,,,,,,,,,,,,,,,,,,,,,,,,0,,0,,,"[NaN,NaN,NaN]","[NaN,NaN,NaN,NaN]","[NaN,NaN,NaN,NaN,NaN,NaN]",,0,0,[],[],[],0,,,,,0,,0,,
2026-08-11T14:23:12.826470+00:00,1245588.294352357,channel_forward_p005,0,"[0.0,0.0,0.0,0.0]",0,0,0,0,,,,,,,,,,,,,,,,,,,,,,,,,,,,0,,0,,,"[NaN,NaN,NaN]","[NaN,NaN,NaN,NaN]","[NaN,NaN,NaN,NaN,NaN,NaN]",,0,0,[],[],[],0,,,,,0,,0,,
2026-08-11T14:23:12.876533+00:00,1245588.344413657,channel_forward_p005,0,"[0.0,0.0,0.0,0.0]",0,0,0,0,,,,,,,,,,,,,,,,,,,,,,,,,,,,0,,0,,,"[NaN,NaN,NaN]","[NaN,NaN,NaN,NaN]","[NaN,NaN,NaN,NaN,NaN,NaN]",,0,0,[],[],[],0,,,,,0,,0,,
2026-08-11T14:23:12.926451+00:00,1245588.394333230,channel_forward_p005,0,"[0.0,0.0,0.0,0.0]",0,0,0,0,,,,,,,,,,,,,,,,,,,,,,,,,,,,0,,0,,,"[NaN,NaN,NaN]","[NaN,NaN,NaN,NaN]","[NaN,NaN,NaN,NaN,NaN,NaN]",,0,0,[],[],[],0,,,,,0,,0,,
2026-08-11T14:23:12.976464+00:00,1245588.444346432,channel_forward_p005,0,"[0.0,0.0,0.0,0.0]",0,0,0,0,,,,,,,,,,,,,,,,,,,,,,,,,,,,0,,0,,,"[NaN,NaN,NaN]","[NaN,NaN,NaN,NaN]","[NaN,NaN,NaN,NaN,NaN,NaN]",,0,0,[],[],[],0,,,,,0,,0,,
2026-08-11T14:23:13.026471+00:00,1245588.494353120,channel_forward_p005,0,"[0.0,0.0,0.0,0.0]",0,0,0,0,,,,,,,,,,,,,,,,,,,,,,,,,,,,0,,0,,,"[NaN,NaN,NaN]","[NaN,NaN,NaN,NaN]","[NaN,NaN,NaN,NaN,NaN,NaN]",,0,0,[],[],[],0,,,,,0,,0,,
2026-08-11T14:23:13.076497+00:00,1245588.544379687,channel_forward_p005,0,"[0.0,0.0,0.0,0.0]",0,0,0,0,,,,,,,,,,,,,,,,,,,,,,,,,,,,0,,0,,,"[NaN,NaN,NaN]","[NaN,NaN,NaN,NaN]","[NaN,NaN,NaN,NaN,NaN,NaN]",,0,0,[],[],[],0,,,,,0,,0,,
2026-08-11T14:23:13.126445+00:00,1245588.594327582,channel_forward_p005,0,"[0.0,0.0,0.0,0.0]",0,0,0,0,,,,,,,,,,,,,,,,,,,,,,,,,,,,0,,0,,,"[NaN,NaN,NaN]","[NaN,NaN,NaN,NaN]","[NaN,NaN,NaN,NaN,NaN,NaN]",,0,0,[],[],[],0,,,,,0,,0,,
2026-08-11T14:23:13.176466+00:00,1245588.644348688,channel_forward_p005,0,"[0.0,0.0,0.0,0.0]",0,0,0,0,,,,,,,,,,,,,,,,,,,,,,,,,,,,0,,0,,,"[NaN,NaN,NaN]","[NaN,NaN,NaN,NaN]","[NaN,NaN,NaN,NaN,NaN,NaN]",,0,0,[],[],[],0,,,,,0,,0,,
2026-08-11T14:23:13.226444+00:00,1245588.694326167,channel_forward_p005,0,"[0.0,0.0,0.0,0.0]",0,0,0,0,,,,,,,,,,,,,,,,,,,,,,,,,,,,0,,0,,,"[NaN,NaN,NaN]","[NaN,NaN,NaN,NaN]","[NaN,NaN,NaN,NaN,NaN,NaN]",,0,0,[],[],[],0,,,,,0,,0,,
2026-08-11T14:23:13.276473+00:00,1245588.744355608,channel_forward_p005,0,"[0.0,0.0,0.0,0.0]",0,0,0,0,,,,,,,,,,,,,,,,,,,,,,,,,,,,0,,0,,,"[NaN,NaN,NaN]","[NaN,NaN,NaN,NaN]","[NaN,NaN,NaN,NaN,NaN,NaN]",,0,0,[],[],[],0,,,,,0,,0,,
2026-08-11T14:23:13.326450+00:00,1245588.794332596,channel_forward_p005,0,"[0.0,0.0,0.0,0.0]",0,0,0,0,,,,,,,,,,,,,,,,,,,,,,,,,,,,0,,0,,,"[NaN,NaN,NaN]","[NaN,NaN,NaN,NaN]","[NaN,NaN,NaN,NaN,NaN,NaN]",,0,0,[],[],[],0,,,,,0,,0,,
2026-08-11T14:23:13.376488+00:00,1245588.844370355,channel_forward_p005,0,"[0.0,0.0,0.0,0.0]",0,0,0,0,,,,,,,,,,,,,,,,,,,,,,,,,,,,0,,0,,,"[NaN,NaN,NaN]","[NaN,NaN,NaN,NaN]","[NaN,NaN,NaN,NaN,NaN,NaN]",,0,0,[],[],[],0,,,,,0,,0,,
2026-08-11T14:23:13.426443+00:00,1245588.894324796,channel_forward_p005,0,"[0.0,0.0,0.0,0.0]",0,0,0,0,,,,,,,,,,,,,,,,,,,,,,,,,,,,0,,0,,,"[NaN,NaN,NaN]","[NaN,NaN,NaN,NaN]","[NaN,NaN,NaN,NaN,NaN,NaN]",,0,0,[],[],[],0,,,,,0,,0,,
2026-08-11T14:23:13.476463+00:00,1245588.944346072,channel_forward_p005,0,"[0.0,0.0,0.0,0.0]",0,0,0,0,,,,,,,,,,,,,,,,,,,,,,,,,,,,0,,0,,,"[NaN,NaN,NaN]","[NaN,NaN,NaN,NaN]","[NaN,NaN,NaN,NaN,NaN,NaN]",,0,0,[],[],[],0,,,,,0,,0,,
2026-08-11T14:23:13.526442+00:00,1245588.994323946,channel_forward_p005,0,"[0.0,0.0,0.0,0.0]",0,0,0,0,,,,,,,,,,,,,,,,,,,,,,,,,,,,0,,0,,,"[NaN,NaN,NaN]","[NaN,NaN,NaN,NaN]","[NaN,NaN,NaN,NaN,NaN,NaN]",,0,0,[],[],[],0,,,,,0,,0,,
2026-08-11T14:23:13.576467+00:00,1245589.044349309,channel_forward_p005,0,"[0.0,0.0,0.0,0.0]",0,0,0,0,,,,,,,,,,,,,,,,,,,,,,,,,,,,0,,0,,,"[NaN,NaN,NaN]","[NaN,NaN,NaN,NaN]","[NaN,NaN,NaN,NaN,NaN,NaN]",,0,0,[],[],[],0,,,,,0,,0,,
2026-08-11T14:23:13.626457+00:00,1245589.094339252,channel_forward_p005,0,"[0.0,0.0,0.0,0.0]",0,0,0,0,,,,,,,,,,,,,,,,,,,,,,,,,,,,0,,0,,,"[NaN,NaN,NaN]","[NaN,NaN,NaN,NaN]","[NaN,NaN,NaN,NaN,NaN,NaN]",,0,0,[],[],[],0,,,,,0,,0,,
2026-08-11T14:23:13.676466+00:00,1245589.144347749,channel_forward_p005,0,"[0.0,0.0,0.0,0.0]",0,0,0,0,,,,,,,,,,,,,,,,,,,,,,,,,,,,0,,0,,,"[NaN,NaN,NaN]","[NaN,NaN,NaN,NaN]","[NaN,NaN,NaN,NaN,NaN,NaN]",,0,0,[],[],[],0,,,,,0,,0,,
2026-08-11T14:23:13.726392+00:00,1245589.194273415,channel_forward_p005,0,"[0.0,0.0,0.0,0.0]",0,0,0,0,,,,,,,,,,,,,,,,,,,,,,,,,,,,0,,0,,,"[NaN,NaN,NaN]","[NaN,NaN,NaN,NaN]","[NaN,NaN,NaN,NaN,NaN,NaN]",,0,0,[],[],[],0,,,,,0,,0,,
2026-08-11T14:23:13.776478+00:00,1245589.244359955,channel_forward_p005,0,"[0.0,0.0,0.0,0.0]",0,0,0,0,,,,,,,,,,,,,,,,,,,,,,,,,,,,0,,0,,,"[NaN,NaN,NaN]","[NaN,NaN,NaN,NaN]","[NaN,NaN,NaN,NaN,NaN,NaN]",,0,0,[],[],[],0,,,,,0,,0,,
2026-08-11T14:23:13.826446+00:00,1245589.294328901,channel_forward_p005,0,"[0.0,0.0,0.0,0.0]",0,0,0,0,,,,,,,,,,,,,,,,,,,,,,,,,,,,0,,0,,,"[NaN,NaN,NaN]","[NaN,NaN,NaN,NaN]","[NaN,NaN,NaN,NaN,NaN,NaN]",,0,0,[],[],[],0,,,,,0,,0,,
2026-08-11T14:23:13.876495+00:00,1245589.344377572,channel_forward_p005,0,"[0.0,0.0,0.0,0.0]",0,0,0,0,,,,,,,,,,,,,,,,,,,,,,,,,,,,0,,0,,,"[NaN,NaN,NaN]","[NaN,NaN,NaN,NaN]","[NaN,NaN,NaN,NaN,NaN,NaN]",,0,0,[],[],[],0,,,,,0,,0,,
2026-08-11T14:23:13.926456+00:00,1245589.394337803,channel_forward_p005,0,"[0.0,0.0,0.0,0.0]",0,0,0,0,,,,,,,,,,,,,,,,,,,,,,,,,,,,0,,0,,,"[NaN,NaN,NaN]","[NaN,NaN,NaN,NaN]","[NaN,NaN,NaN,NaN,NaN,NaN]",,0,0,[],[],[],0,,,,,0,,0,,
2026-08-11T14:23:13.976467+00:00,1245589.444349367,channel_forward_p005,0,"[0.0,0.0,0.0,0.0]",0,0,0,0,,,,,,,,,,,,,,,,,,,,,,,,,,,,0,,0,,,"[NaN,NaN,NaN]","[NaN,NaN,NaN,NaN]","[NaN,NaN,NaN,NaN,NaN,NaN]",,0,0,[],[],[],0,,,,,0,,0,,
2026-08-11T14:23:14.026452+00:00,1245589.494333817,channel_forward_p005,0,"[0.0,0.0,0.0,0.0]",0,0,0,0,,,,,,,,,,,,,,,,,,,,,,,,,,,,0,,0,,,"[NaN,NaN,NaN]","[NaN,NaN,NaN,NaN]","[NaN,NaN,NaN,NaN,NaN,NaN]",,0,0,[],[],[],0,,,,,0,,0,,
2026-08-11T14:23:14.076472+00:00,1245589.544354700,channel_forward_p005,0,"[0.0,0.0,0.0,0.0]",0,0,0,0,,,,,,,,,,,,,,,,,,,,,,,,,,,,0,,0,,,"[NaN,NaN,NaN]","[NaN,NaN,NaN,NaN]","[NaN,NaN,NaN,NaN,NaN,NaN]",,0,0,[],[],[],0,,,,,0,,0,,
2026-08-11T14:23:14.126446+00:00,1245589.594328361,channel_forward_p005,0,"[0.0,0.0,0.0,0.0]",0,0,0,0,,,,,,,,,,,,,,,,,,,,,,,,,,,,0,,0,,,"[NaN,NaN,NaN]","[NaN,NaN,NaN,NaN]","[NaN,NaN,NaN,NaN,NaN,NaN]",,0,0,[],[],[],0,,,,,0,,0,,
2026-08-11T14:23:14.176511+00:00,1245589.644393799,channel_forward_p005,0,"[0.0,0.0,0.0,0.0]",0,0,0,0,,,,,,,,,,,,,,,,,,,,,,,,,,,,0,,0,,,"[NaN,NaN,NaN]","[NaN,NaN,NaN,NaN]","[NaN,NaN,NaN,NaN,NaN,NaN]",,0,0,[],[],[],0,,,,,0,,0,,
2026-08-11T14:23:14.226447+00:00,1245589.694329736,channel_forward_p005,0,"[0.0,0.0,0.0,0.0]",0,0,0,0,,,,,,,,,,,,,,,,,,,,,,,,,,,,0,,0,,,"[NaN,NaN,NaN]","[NaN,NaN,NaN,NaN]","[NaN,NaN,NaN,NaN,NaN,NaN]",,0,0,[],[],[],0,,,,,0,,0,,
2026-08-11T14:23:14.276468+00:00,1245589.744350938,channel_forward_p005,0,"[0.0,0.0,0.0,0.0]",0,0,0,0,,,,,,,,,,,,,,,,,,,,,,,,,,,,0,,0,,,"[NaN,NaN,NaN]","[NaN,NaN,NaN,NaN]","[NaN,NaN,NaN,NaN,NaN,NaN]",,0,0,[],[],[],0,,,,,0,,0,,
2026-08-11T14:23:14.326448+00:00,1245589.794331002,channel_forward_p005,0,"[0.0,0.0,0.0,0.0]",0,0,0,0,,,,,,,,,,,,,,,,,,,,,,,,,,,,0,,0,,,"[NaN,NaN,NaN]","[NaN,NaN,NaN,NaN]","[NaN,NaN,NaN,NaN,NaN,NaN]",,0,0,[],[],[],0,,,,,0,,0,,
2026-08-11T14:23:14.376465+00:00,1245589.844347735,channel_forward_p005,0,"[0.0,0.0,0.0,0.0]",0,0,0,0,,,,,,,,,,,,,,,,,,,,,,,,,,,,0,,0,,,"[NaN,NaN,NaN]","[NaN,NaN,NaN,NaN]","[NaN,NaN,NaN,NaN,NaN,NaN]",,0,0,[],[],[],0,,,,,0,,0,,
2026-08-11T14:23:14.426472+00:00,1245589.894354974,channel_forward_p005,0,"[0.0,0.0,0.0,0.0]",0,0,0,0,,,,,,,,,,,,,,,,,,,,,,,,,,,,0,,0,,,"[NaN,NaN,NaN]","[NaN,NaN,NaN,NaN]","[NaN,NaN,NaN,NaN,NaN,NaN]",,0,0,[],[],[],0,,,,,0,,0,,
2026-08-11T14:23:14.476470+00:00,1245589.944352410,channel_forward_p005,0,"[0.0,0.0,0.0,0.0]",0,0,0,0,,,,,,,,,,,,,,,,,,,,,,,,,,,,0,,0,,,"[NaN,NaN,NaN]","[NaN,NaN,NaN,NaN]","[NaN,NaN,NaN,NaN,NaN,NaN]",,0,0,[],[],[],0,,,,,0,,0,,
2026-08-11T14:23:14.526480+00:00,1245589.994360412,channel_forward_p005,0,"[0.0,0.0,0.0,0.0]",0,0,0,0,,,,,,,,,,,,,,,,,,,,,,,,,,,,0,,0,,,"[NaN,NaN,NaN]","[NaN,NaN,NaN,NaN]","[NaN,NaN,NaN,NaN,NaN,NaN]",,0,0,[],[],[],0,,,,,0,,0,,
2026-08-11T14:23:14.576568+00:00,1245590.044446249,channel_forward_p005,0,"[0.0,0.0,0.0,0.0]",0,0,0,0,,,,,,,,,,,,,,,,,,,,,,,,,,,,0,,0,,,"[NaN,NaN,NaN]","[NaN,NaN,NaN,NaN]","[NaN,NaN,NaN,NaN,NaN,NaN]",,0,0,[],[],[],0,,,,,0,,0,,
2026-08-11T14:23:14.626455+00:00,1245590.094337803,channel_forward_p005,0,"[0.0,0.0,0.0,0.0]",0,0,0,0,,,,,,,,,,,,,,,,,,,,,,,,,,,,0,,0,,,"[NaN,NaN,NaN]","[NaN,NaN,NaN,NaN]","[NaN,NaN,NaN,NaN,NaN,NaN]",,0,0,[],[],[],0,,,,,0,,0,,
2026-08-11T14:23:14.676468+00:00,1245590.144350560,channel_forward_p005,0,"[0.0,0.0,0.0,0.0]",0,0,0,0,,,,,,,,,,,,,,,,,,,,,,,,,,,,0,,0,,,"[NaN,NaN,NaN]","[NaN,NaN,NaN,NaN]","[NaN,NaN,NaN,NaN,NaN,NaN]",,0,0,[],[],[],0,,,,,0,,0,,
2026-08-11T14:23:14.726444+00:00,1245590.194326137,channel_forward_p005,0,"[0.0,0.0,0.0,0.0]",0,0,0,0,,,,,,,,,,,,,,,,,,,,,,,,,,,,0,,0,,,"[NaN,NaN,NaN]","[NaN,NaN,NaN,NaN]","[NaN,NaN,NaN,NaN,NaN,NaN]",,0,0,[],[],[],0,,,,,0,,0,,
2026-08-11T14:23:14.776522+00:00,1245590.244402840,channel_forward_p005,0,"[0.0,0.0,0.0,0.0]",0,0,0,0,,,,,,,,,,,,,,,,,,,,,,,,,,,,0,,0,,,"[NaN,NaN,NaN]","[NaN,NaN,NaN,NaN]","[NaN,NaN,NaN,NaN,NaN,NaN]",,0,0,[],[],[],0,,,,,0,,0,,
2026-08-11T14:23:14.826464+00:00,1245590.294340986,channel_forward_p005,0,"[0.0,0.0,0.0,0.0]",0,0,0,0,,,,,,,,,,,,,,,,,,,,,,,,,,,,0,,0,,,"[NaN,NaN,NaN]","[NaN,NaN,NaN,NaN]","[NaN,NaN,NaN,NaN,NaN,NaN]",,0,0,[],[],[],0,,,,,0,,0,,
2026-08-11T14:23:14.876494+00:00,1245590.344374678,channel_forward_p005,0,"[0.0,0.0,0.0,0.0]",0,0,0,0,,,,,,,,,,,,,,,,,,,,,,,,,,,,0,,0,,,"[NaN,NaN,NaN]","[NaN,NaN,NaN,NaN]","[NaN,NaN,NaN,NaN,NaN,NaN]",,0,0,[],[],[],0,,,,,0,,0,,
2026-08-11T14:23:14.926489+00:00,1245590.394370179,channel_forward_p005,0,"[0.0,0.0,0.0,0.0]",0,0,0,0,,,,,,,,,,,,,,,,,,,,,,,,,,,,0,,0,,,"[NaN,NaN,NaN]","[NaN,NaN,NaN,NaN]","[NaN,NaN,NaN,NaN,NaN,NaN]",,0,0,[],[],[],0,,,,,0,,0,,
2026-08-11T14:23:14.976473+00:00,1245590.444354675,channel_forward_p005,0,"[0.0,0.0,0.0,0.0]",0,0,0,0,,,,,,,,,,,,,,,,,,,,,,,,,,,,0,,0,,,"[NaN,NaN,NaN]","[NaN,NaN,NaN,NaN]","[NaN,NaN,NaN,NaN,NaN,NaN]",,0,0,[],[],[],0,,,,,0,,0,,
2026-08-11T14:23:15.026445+00:00,1245590.494326881,channel_forward_p005,0,"[0.0,0.0,0.0,0.0]",0,0,0,0,,,,,,,,,,,,,,,,,,,,,,,,,,,,0,,0,,,"[NaN,NaN,NaN]","[NaN,NaN,NaN,NaN]","[NaN,NaN,NaN,NaN,NaN,NaN]",,0,0,[],[],[],0,,,,,0,,0,,
2026-08-11T14:23:15.076467+00:00,1245590.544349511,channel_forward_p005,0,"[0.0,0.0,0.0,0.0]",0,0,0,0,,,,,,,,,,,,,,,,,,,,,,,,,,,,0,,0,,,"[NaN,NaN,NaN]","[NaN,NaN,NaN,NaN]","[NaN,NaN,NaN,NaN,NaN,NaN]",,0,0,[],[],[],0,,,,,0,,0,,
2026-08-11T14:23:15.126443+00:00,1245590.594324933,channel_forward_p005,0,"[0.0,0.0,0.0,0.0]",0,0,0,0,,,,,,,,,,,,,,,,,,,,,,,,,,,,0,,0,,,"[NaN,NaN,NaN]","[NaN,NaN,NaN,NaN]","[NaN,NaN,NaN,NaN,NaN,NaN]",,0,0,[],[],[],0,,,,,0,,0,,
2026-08-11T14:23:15.176483+00:00,1245590.644364739,channel_forward_p005,0,"[0.0,0.0,0.0,0.0]",0,0,0,0,,,,,,,,,,,,,,,,,,,,,,,,,,,,0,,0,,,"[NaN,NaN,NaN]","[NaN,NaN,NaN,NaN]","[NaN,NaN,NaN,NaN,NaN,NaN]",,0,0,[],[],[],0,,,,,0,,0,,
2026-08-11T14:23:15.226357+00:00,1245590.694244528,channel_forward_p005,0,"[0.0,0.0,0.0,0.0]",0,0,0,0,,,,,,,,,,,,,,,,,,,,,,,,,,,,0,,0,,,"[NaN,NaN,NaN]","[NaN,NaN,NaN,NaN]","[NaN,NaN,NaN,NaN,NaN,NaN]",,0,0,[],[],[],0,,,,,0,,0,,
2026-08-11T14:23:15.276441+00:00,1245590.744326656,channel_forward_p005,0,"[0.0,0.0,0.0,0.0]",0,0,0,0,,,,,,,,,,,,,,,,,,,,,,,,,,,,0,,0,,,"[NaN,NaN,NaN]","[NaN,NaN,NaN,NaN]","[NaN,NaN,NaN,NaN,NaN,NaN]",,0,0,[],[],[],0,,,,,0,,0,,
2026-08-11T14:23:15.326520+00:00,1245590.794399587,channel_forward_p005,0,"[0.0,0.0,0.0,0.0]",0,0,0,0,,,,,,,,,,,,,,,,,,,,,,,,,,,,0,,0,,,"[NaN,NaN,NaN]","[NaN,NaN,NaN,NaN]","[NaN,NaN,NaN,NaN,NaN,NaN]",,0,0,[],[],[],0,,,,,0,,0,,
2026-08-11T14:23:15.376661+00:00,1245590.844535218,channel_forward_p005,0,"[0.0,0.0,0.0,0.0]",0,0,0,0,,,,,,,,,,,,,,,,,,,,,,,,,,,,0,,0,,,"[NaN,NaN,NaN]","[NaN,NaN,NaN,NaN]","[NaN,NaN,NaN,NaN,NaN,NaN]",,0,0,[],[],[],0,,,,,0,,0,,
2026-08-11T14:23:15.426517+00:00,1245590.894397546,channel_forward_p005,0,"[0.0,0.0,0.0,0.0]",0,0,0,0,,,,,,,,,,,,,,,,,,,,,,,,,,,,0,,0,,,"[NaN,NaN,NaN]","[NaN,NaN,NaN,NaN]","[NaN,NaN,NaN,NaN,NaN,NaN]",,0,0,[],[],[],0,,,,,0,,0,,
2026-08-11T14:23:15.476496+00:00,1245590.944378595,channel_forward_p005,0,"[0.0,0.0,0.0,0.0]",0,0,0,0,,,,,,,,,,,,,,,,,,,,,,,,,,,,0,,0,,,"[NaN,NaN,NaN]","[NaN,NaN,NaN,NaN]","[NaN,NaN,NaN,NaN,NaN,NaN]",,0,0,[],[],[],0,,,,,0,,0,,
2026-08-11T14:23:15.526678+00:00,1245590.994551439,channel_forward_p005,0,"[0.0,0.0,0.0,0.0]",0,0,0,0,,,,,,,,,,,,,,,,,,,,,,,,,,,,0,,0,,,"[NaN,NaN,NaN]","[NaN,NaN,NaN,NaN]","[NaN,NaN,NaN,NaN,NaN,NaN]",,0,0,[],[],[],0,,,,,0,,0,,
2026-08-11T14:23:15.576514+00:00,1245591.044395194,channel_forward_p005,0,"[0.0,0.0,0.0,0.0]",0,0,0,0,,,,,,,,,,,,,,,,,,,,,,,,,,,,0,,0,,,"[NaN,NaN,NaN]","[NaN,NaN,NaN,NaN]","[NaN,NaN,NaN,NaN,NaN,NaN]",,0,0,[],[],[],0,,,,,0,,0,,
2026-08-11T14:23:15.626444+00:00,1245591.094325782,channel_forward_p005,0,"[0.0,0.0,0.0,0.0]",0,0,0,0,,,,,,,,,,,,,,,,,,,,,,,,,,,,0,,0,,,"[NaN,NaN,NaN]","[NaN,NaN,NaN,NaN]","[NaN,NaN,NaN,NaN,NaN,NaN]",,0,0,[],[],[],0,,,,,0,,0,,
2026-08-11T14:23:15.676474+00:00,1245591.144357358,channel_forward_p005,0,"[0.0,0.0,0.0,0.0]",0,0,0,0,,,,,,,,,,,,,,,,,,,,,,,,,,,,0,,0,,,"[NaN,NaN,NaN]","[NaN,NaN,NaN,NaN]","[NaN,NaN,NaN,NaN,NaN,NaN]",,0,0,[],[],[],0,,,,,0,,0,,
2026-08-11T14:23:15.726444+00:00,1245591.194326954,channel_forward_p005,0,"[0.0,0.0,0.0,0.0]",0,0,0,0,,,,,,,,,,,,,,,,,,,,,,,,,,,,0,,0,,,"[NaN,NaN,NaN]","[NaN,NaN,NaN,NaN]","[NaN,NaN,NaN,NaN,NaN,NaN]",,0,0,[],[],[],0,,,,,0,,0,,
2026-08-11T14:23:15.776408+00:00,1245591.244290106,channel_forward_p005,0,"[0.0,0.0,0.0,0.0]",0,0,0,0,,,,,,,,,,,,,,,,,,,,,,,,,,,,0,,0,,,"[NaN,NaN,NaN]","[NaN,NaN,NaN,NaN]","[NaN,NaN,NaN,NaN,NaN,NaN]",,0,0,[],[],[],0,,,,,0,,0,,
2026-08-11T14:23:15.826449+00:00,1245591.294331110,channel_forward_p005,0,"[0.0,0.0,0.0,0.0]",0,0,0,0,,,,,,,,,,,,,,,,,,,,,,,,,,,,0,,0,,,"[NaN,NaN,NaN]","[NaN,NaN,NaN,NaN]","[NaN,NaN,NaN,NaN,NaN,NaN]",,0,0,[],[],[],0,,,,,0,,0,,
2026-08-11T14:23:15.876488+00:00,1245591.344371202,channel_forward_p005,0,"[0.0,0.0,0.0,0.0]",0,0,0,0,,,,,,,,,,,,,,,,,,,,,,,,,,,,0,,0,,,"[NaN,NaN,NaN]","[NaN,NaN,NaN,NaN]","[NaN,NaN,NaN,NaN,NaN,NaN]",,0,0,[],[],[],0,,,,,0,,0,,
2026-08-11T14:23:15.926452+00:00,1245591.394334450,channel_forward_p005,0,"[0.0,0.0,0.0,0.0]",0,0,0,0,,,,,,,,,,,,,,,,,,,,,,,,,,,,0,,0,,,"[NaN,NaN,NaN]","[NaN,NaN,NaN,NaN]","[NaN,NaN,NaN,NaN,NaN,NaN]",,0,0,[],[],[],0,,,,,0,,0,,
2026-08-11T14:23:15.976698+00:00,1245591.444572829,channel_forward_p005,0,"[0.0,0.0,0.0,0.0]",0,0,0,0,,,,,,,,,,,,,,,,,,,,,,,,,,,,0,,0,,,"[NaN,NaN,NaN]","[NaN,NaN,NaN,NaN]","[NaN,NaN,NaN,NaN,NaN,NaN]",,0,0,[],[],[],0,,,,,0,,0,,
2026-08-11T14:23:16.026690+00:00,1245591.494563076,channel_forward_p005,0,"[0.0,0.0,0.0,0.0]",0,0,0,0,,,,,,,,,,,,,,,,,,,,,,,,,,,,0,,0,,,"[NaN,NaN,NaN]","[NaN,NaN,NaN,NaN]","[NaN,NaN,NaN,NaN,NaN,NaN]",,0,0,[],[],[],0,,,,,0,,0,,
2026-08-11T14:23:16.076629+00:00,1245591.544504760,channel_forward_p005,0,"[0.0,0.0,0.0,0.0]",0,0,0,0,,,,,,,,,,,,,,,,,,,,,,,,,,,,0,,0,,,"[NaN,NaN,NaN]","[NaN,NaN,NaN,NaN]","[NaN,NaN,NaN,NaN,NaN,NaN]",,0,0,[],[],[],0,,,,,0,,0,,
2026-08-11T14:23:16.126653+00:00,1245591.594526502,channel_forward_p005,0,"[0.0,0.0,0.0,0.0]",0,0,0,0,,,,,,,,,,,,,,,,,,,,,,,,,,,,0,,0,,,"[NaN,NaN,NaN]","[NaN,NaN,NaN,NaN]","[NaN,NaN,NaN,NaN,NaN,NaN]",,0,0,[],[],[],0,,,,,0,,0,,
2026-08-11T14:23:16.176469+00:00,1245591.644350926,channel_forward_p005,0,"[0.0,0.0,0.0,0.0]",0,0,0,0,,,,,,,,,,,,,,,,,,,,,,,,,,,,0,,0,,,"[NaN,NaN,NaN]","[NaN,NaN,NaN,NaN]","[NaN,NaN,NaN,NaN,NaN,NaN]",,0,0,[],[],[],0,,,,,0,,0,,
2026-08-11T14:23:16.226475+00:00,1245591.694357302,channel_forward_p005,0,"[0.0,0.0,0.0,0.0]",0,0,0,0,,,,,,,,,,,,,,,,,,,,,,,,,,,,0,,0,,,"[NaN,NaN,NaN]","[NaN,NaN,NaN,NaN]","[NaN,NaN,NaN,NaN,NaN,NaN]",,0,0,[],[],[],0,,,,,0,,0,,
2026-08-11T14:23:16.276465+00:00,1245591.744347694,channel_forward_p005,0,"[0.0,0.0,0.0,0.0]",0,0,0,0,,,,,,,,,,,,,,,,,,,,,,,,,,,,0,,0,,,"[NaN,NaN,NaN]","[NaN,NaN,NaN,NaN]","[NaN,NaN,NaN,NaN,NaN,NaN]",,0,0,[],[],[],0,,,,,0,,0,,
2026-08-11T14:23:16.326454+00:00,1245591.794336375,channel_forward_p005,0,"[0.0,0.0,0.0,0.0]",0,0,0,0,,,,,,,,,,,,,,,,,,,,,,,,,,,,0,,0,,,"[NaN,NaN,NaN]","[NaN,NaN,NaN,NaN]","[NaN,NaN,NaN,NaN,NaN,NaN]",,0,0,[],[],[],0,,,,,0,,0,,
2026-08-11T14:23:16.376472+00:00,1245591.844354778,channel_forward_p005,0,"[0.0,0.0,0.0,0.0]",0,0,0,0,,,,,,,,,,,,,,,,,,,,,,,,,,,,0,,0,,,"[NaN,NaN,NaN]","[NaN,NaN,NaN,NaN]","[NaN,NaN,NaN,NaN,NaN,NaN]",,0,0,[],[],[],0,,,,,0,,0,,
2026-08-11T14:23:16.426443+00:00,1245591.894325380,channel_forward_p005,0,"[0.0,0.0,0.0,0.0]",0,0,0,0,,,,,,,,,,,,,,,,,,,,,,,,,,,,0,,0,,,"[NaN,NaN,NaN]","[NaN,NaN,NaN,NaN]","[NaN,NaN,NaN,NaN,NaN,NaN]",,0,0,[],[],[],0,,,,,0,,0,,
2026-08-11T14:23:16.476473+00:00,1245591.944354166,channel_forward_p005,0,"[0.0,0.0,0.0,0.0]",0,0,0,0,,,,,,,,,,,,,,,,,,,,,,,,,,,,0,,0,,,"[NaN,NaN,NaN]","[NaN,NaN,NaN,NaN]","[NaN,NaN,NaN,NaN,NaN,NaN]",,0,0,[],[],[],0,,,,,0,,0,,
2026-08-11T14:23:16.526451+00:00,1245591.994333070,channel_forward_p005,0,"[0.0,0.0,0.0,0.0]",0,0,0,0,,,,,,,,,,,,,,,,,,,,,,,,,,,,0,,0,,,"[NaN,NaN,NaN]","[NaN,NaN,NaN,NaN]","[NaN,NaN,NaN,NaN,NaN,NaN]",,0,0,[],[],[],0,,,,,0,,0,,
2026-08-11T14:23:16.576471+00:00,1245592.044358723,channel_forward_p005,0,"[0.0,0.0,0.0,0.0]",0,0,0,0,,,,,,,,,,,,,,,,,,,,,,,,,,,,0,,0,,,"[NaN,NaN,NaN]","[NaN,NaN,NaN,NaN]","[NaN,NaN,NaN,NaN,NaN,NaN]",,0,0,[],[],[],0,,,,,0,,0,,
2026-08-11T14:23:16.626532+00:00,1245592.094409806,channel_forward_p005,0,"[0.0,0.0,0.0,0.0]",0,0,0,0,,,,,,,,,,,,,,,,,,,,,,,,,,,,0,,0,,,"[NaN,NaN,NaN]","[NaN,NaN,NaN,NaN]","[NaN,NaN,NaN,NaN,NaN,NaN]",,0,0,[],[],[],0,,,,,0,,0,,
2026-08-11T14:23:16.676544+00:00,1245592.144426570,channel_forward_p005,0,"[0.0,0.0,0.0,0.0]",0,0,0,0,,,,,,,,,,,,,,,,,,,,,,,,,,,,0,,0,,,"[NaN,NaN,NaN]","[NaN,NaN,NaN,NaN]","[NaN,NaN,NaN,NaN,NaN,NaN]",,0,0,[],[],[],0,,,,,0,,0,,
2026-08-11T14:23:16.726588+00:00,1245592.194464217,channel_forward_p005,0,"[0.0,0.0,0.0,0.0]",0,0,0,0,,,,,,,,,,,,,,,,,,,,,,,,,,,,0,,0,,,"[NaN,NaN,NaN]","[NaN,NaN,NaN,NaN]","[NaN,NaN,NaN,NaN,NaN,NaN]",,0,0,[],[],[],0,,,,,0,,0,,
2026-08-11T14:23:16.776443+00:00,1245592.244324889,channel_forward_p005,0,"[0.0,0.0,0.0,0.0]",0,0,0,0,,,,,,,,,,,,,,,,,,,,,,,,,,,,0,,0,,,"[NaN,NaN,NaN]","[NaN,NaN,NaN,NaN]","[NaN,NaN,NaN,NaN,NaN,NaN]",,0,0,[],[],[],0,,,,,0,,0,,
2026-08-11T14:23:16.826511+00:00,1245592.294389607,channel_forward_p005,0,"[0.0,0.0,0.0,0.0]",0,0,0,0,,,,,,,,,,,,,,,,,,,,,,,,,,,,0,,0,,,"[NaN,NaN,NaN]","[NaN,NaN,NaN,NaN]","[NaN,NaN,NaN,NaN,NaN,NaN]",,0,0,[],[],[],0,,,,,0,,0,,
2026-08-11T14:23:16.876502+00:00,1245592.344383008,channel_forward_p005,0,"[0.0,0.0,0.0,0.0]",0,0,0,0,,,,,,,,,,,,,,,,,,,,,,,,,,,,0,,0,,,"[NaN,NaN,NaN]","[NaN,NaN,NaN,NaN]","[NaN,NaN,NaN,NaN,NaN,NaN]",,0,0,[],[],[],0,,,,,0,,0,,
2026-08-11T14:23:16.926507+00:00,1245592.394387988,channel_forward_p005,0,"[0.0,0.0,0.0,0.0]",0,0,0,0,,,,,,,,,,,,,,,,,,,,,,,,,,,,0,,0,,,"[NaN,NaN,NaN]","[NaN,NaN,NaN,NaN]","[NaN,NaN,NaN,NaN,NaN,NaN]",,0,0,[],[],[],0,,,,,0,,0,,
2026-08-11T14:23:16.976472+00:00,1245592.444354045,channel_forward_p005,0,"[0.0,0.0,0.0,0.0]",0,0,0,0,,,,,,,,,,,,,,,,,,,,,,,,,,,,0,,0,,,"[NaN,NaN,NaN]","[NaN,NaN,NaN,NaN]","[NaN,NaN,NaN,NaN,NaN,NaN]",,0,0,[],[],[],0,,,,,0,,0,,
2026-08-11T14:23:17.026467+00:00,1245592.494348881,channel_forward_p005,0,"[0.0,0.0,0.0,0.0]",0,0,0,0,,,,,,,,,,,,,,,,,,,,,,,,,,,,0,,0,,,"[NaN,NaN,NaN]","[NaN,NaN,NaN,NaN]","[NaN,NaN,NaN,NaN,NaN,NaN]",,0,0,[],[],[],0,,,,,0,,0,,
2026-08-11T14:23:17.076472+00:00,1245592.544354632,channel_forward_p005,0,"[0.0,0.0,0.0,0.0]",0,0,0,0,,,,,,,,,,,,,,,,,,,,,,,,,,,,0,,0,,,"[NaN,NaN,NaN]","[NaN,NaN,NaN,NaN]","[NaN,NaN,NaN,NaN,NaN,NaN]",,0,0,[],[],[],0,,,,,0,,0,,
2026-08-11T14:23:17.126451+00:00,1245592.594333541,channel_forward_p005,0,"[0.0,0.0,0.0,0.0]",0,0,0,0,,,,,,,,,,,,,,,,,,,,,,,,,,,,0,,0,,,"[NaN,NaN,NaN]","[NaN,NaN,NaN,NaN]","[NaN,NaN,NaN,NaN,NaN,NaN]",,0,0,[],[],[],0,,,,,0,,0,,
2026-08-11T14:23:17.176465+00:00,1245592.644347892,channel_forward_p005,0,"[0.0,0.0,0.0,0.0]",0,0,0,0,,,,,,,,,,,,,,,,,,,,,,,,,,,,0,,0,,,"[NaN,NaN,NaN]","[NaN,NaN,NaN,NaN]","[NaN,NaN,NaN,NaN,NaN,NaN]",,0,0,[],[],[],0,,,,,0,,0,,
2026-08-11T14:23:17.226445+00:00,1245592.694327613,channel_forward_p005,0,"[0.0,0.0,0.0,0.0]",0,0,0,0,,,,,,,,,,,,,,,,,,,,,,,,,,,,0,,0,,,"[NaN,NaN,NaN]","[NaN,NaN,NaN,NaN]","[NaN,NaN,NaN,NaN,NaN,NaN]",,0,0,[],[],[],0,,,,,0,,0,,
2026-08-11T14:23:17.276476+00:00,1245592.744358746,channel_forward_p005,0,"[0.0,0.0,0.0,0.0]",0,0,0,0,,,,,,,,,,,,,,,,,,,,,,,,,,,,0,,0,,,"[NaN,NaN,NaN]","[NaN,NaN,NaN,NaN]","[NaN,NaN,NaN,NaN,NaN,NaN]",,0,0,[],[],[],0,,,,,0,,0,,
2026-08-11T14:23:17.326467+00:00,1245592.794348374,channel_forward_p005,0,"[0.0,0.0,0.0,0.0]",0,0,0,0,,,,,,,,,,,,,,,,,,,,,,,,,,,,0,,0,,,"[NaN,NaN,NaN]","[NaN,NaN,NaN,NaN]","[NaN,NaN,NaN,NaN,NaN,NaN]",,0,0,[],[],[],0,,,,,0,,0,,
2026-08-11T14:23:17.376696+00:00,1245592.844567648,channel_forward_p005,0,"[0.0,0.0,0.0,0.0]",0,0,0,0,,,,,,,,,,,,,,,,,,,,,,,,,,,,0,,0,,,"[NaN,NaN,NaN]","[NaN,NaN,NaN,NaN]","[NaN,NaN,NaN,NaN,NaN,NaN]",,0,0,[],[],[],0,,,,,0,,0,,
2026-08-11T14:23:17.426448+00:00,1245592.894329314,channel_forward_p005,0,"[0.0,0.0,0.0,0.0]",0,0,0,0,,,,,,,,,,,,,,,,,,,,,,,,,,,,0,,0,,,"[NaN,NaN,NaN]","[NaN,NaN,NaN,NaN]","[NaN,NaN,NaN,NaN,NaN,NaN]",,0,0,[],[],[],0,,,,,0,,0,,
2026-08-11T14:23:17.476607+00:00,1245592.944482182,channel_forward_p005,0,"[0.0,0.0,0.0,0.0]",0,0,0,0,,,,,,,,,,,,,,,,,,,,,,,,,,,,0,,0,,,"[NaN,NaN,NaN]","[NaN,NaN,NaN,NaN]","[NaN,NaN,NaN,NaN,NaN,NaN]",,0,0,[],[],[],0,,,,,0,,0,,
2026-08-11T14:23:17.526465+00:00,1245592.994347298,channel_forward_p005,0,"[0.0,0.0,0.0,0.0]",0,0,0,0,,,,,,,,,,,,,,,,,,,,,,,,,,,,0,,0,,,"[NaN,NaN,NaN]","[NaN,NaN,NaN,NaN]","[NaN,NaN,NaN,NaN,NaN,NaN]",,0,0,[],[],[],0,,,,,0,,0,,
