host_time_utc,host_monotonic_s,phase,requested_armed,requested_channels_forward_right_down_yaw,sent,transport_open,session_confirmed,telemetry_fresh,telemetry_age_s,telemetry_sequence,mcu_tick_ms,state,telemetry_armed,telemetry_failsafe,command_status,reject_flags,last_command_session,last_command_sequence,last_command_crc,command_count,rejected_command_count,round_trip_ms,imu_quat_wxyz,imu_angular_velocity_xyz_rad_s,imu_linear_acceleration_xyz_m_s2,yaw_rad,yaw_rate_rad_s,depth_m,pressure_pa,received_channels_forward_right_down_yaw,applied_motor_throttle_m1_m8,motor_rpm_m1_m8,rpm_valid_mask,execution_feedback_valid,rpm_available,vision_fresh,vision_age_s,vision_count,vision_stamp_s,vision_frame_id,vision_position_xyz_m,vision_quat_xyzw,vision_covariance_diag,vision_status_age_s,vision_status_count,vision_detected,vision_detected_ids,vision_pnp_valid,vision_pnp_reprojection_error_px,vision_decision_margin,vision_detection_fps,refracted_status_age_s,refracted_status_count,refracted_mode,refracted_valid,refracted_residual_m,refracted_reject_reason
2026-08-11T08:12:29.204448+00:00,1223344.470619177,readiness_disarmed,0,"[0.0,0.0,0.0,0.0]",0,0,0,0,,,,,,,,,,,,,,,,,,,,,,,,,,,,0,,0,,,"[NaN,NaN,NaN]","[NaN,NaN,NaN,NaN]","[NaN,NaN,NaN,NaN,NaN,NaN]",,0,0,[],0,,,,,0,,0,,
2026-08-11T08:12:29.205814+00:00,1223344.673688392,readiness_disarmed,0,"[0.0,0.0,0.0,0.0]",0,0,0,0,,,,,,,,,,,,,,,,,,,,,,,,,,,,0,,0,,,"[NaN,NaN,NaN]","[NaN,NaN,NaN,NaN]","[NaN,NaN,NaN,NaN,NaN,NaN]",0.000130,1,0,[],0,,,93.138588,,0,,0,,
2026-08-11T08:12:29.206433+00:00,1223344.674312821,readiness_disarmed,0,"[0.0,0.0,0.0,0.0]",0,0,0,0,,,,,,,,,,,,,,,,,,,,,,,,,,,,0,,0,,,"[NaN,NaN,NaN]","[NaN,NaN,NaN,NaN]","[NaN,NaN,NaN,NaN,NaN,NaN]",0.000755,1,0,[],0,,,93.138588,0.000115,1,air,0,0.0,air
2026-08-11T08:12:29.206774+00:00,1223344.674656142,readiness_disarmed,0,"[0.0,0.0,0.0,0.0]",0,0,0,0,,,,,,,,,,,,,,,,,,,,,,,,,,,,0,,0,,,"[NaN,NaN,NaN]","[NaN,NaN,NaN,NaN]","[NaN,NaN,NaN,NaN,NaN,NaN]",0.001098,1,0,[],0,,,93.138588,0.000458,1,air,0,0.0,air
2026-08-11T08:12:29.207668+00:00,1223344.675548155,readiness_disarmed,0,"[0.0,0.0,0.0,0.0]",0,0,0,0,,,,,,,,,,,,,,,,,,,,,,,,,,,,0,,0,,,"[NaN,NaN,NaN]","[NaN,NaN,NaN,NaN]","[NaN,NaN,NaN,NaN,NaN,NaN]",0.000102,2,0,[],0,,,94.525402,0.001350,1,air,0,0.0,air
2026-08-11T08:12:29.252763+00:00,1223344.720648798,readiness_disarmed,0,"[0.0,0.0,0.0,0.0]",0,0,0,0,,,,,,,,,,,,,,,,,,,,,,,,,,,,0,,0,,,"[NaN,NaN,NaN]","[NaN,NaN,NaN,NaN]","[NaN,NaN,NaN,NaN,NaN,NaN]",0.045203,2,0,[],0,,,94.525402,0.000096,2,air,0,0.0,air
2026-08-11T08:12:29.302653+00:00,1223344.770516497,readiness_disarmed,0,"[0.0,0.0,0.0,0.0]",0,0,0,0,,,,,,,,,,,,,,,,,,,,,,,,,,,,0,,0,,,"[NaN,NaN,NaN]","[NaN,NaN,NaN,NaN]","[NaN,NaN,NaN,NaN,NaN,NaN]",0.095071,2,0,[],0,,,94.525402,0.049964,2,air,0,0.0,air
2026-08-11T08:12:29.353322+00:00,1223344.821196465,readiness_disarmed,0,"[0.0,0.0,0.0,0.0]",0,0,0,0,,,,,,,,,,,,,,,,,,,,,,,,,,,,0,,0,,,"[NaN,NaN,NaN]","[NaN,NaN,NaN,NaN]","[NaN,NaN,NaN,NaN,NaN,NaN]",0.000124,3,0,[],0,,,92.905279,0.100644,2,air,0,0.0,air
2026-08-11T08:12:29.402929+00:00,1223344.870799279,readiness_disarmed,0,"[0.0,0.0,0.0,0.0]",0,0,0,0,,,,,,,,,,,,,,,,,,,,,,,,,,,,0,,0,,,"[NaN,NaN,NaN]","[NaN,NaN,NaN,NaN]","[NaN,NaN,NaN,NaN,NaN,NaN]",0.049727,3,0,[],0,,,92.905279,0.000143,3,air,0,0.0,air
2026-08-11T08:12:29.452571+00:00,1223344.920453607,readiness_disarmed,0,"[0.0,0.0,0.0,0.0]",0,0,0,0,,,,,,,,,,,,,,,,,,,,,,,,,,,,0,,0,,,"[NaN,NaN,NaN]","[NaN,NaN,NaN,NaN]","[NaN,NaN,NaN,NaN,NaN,NaN]",0.099381,3,0,[],0,,,92.905279,0.049798,3,air,0,0.0,air
2026-08-11T08:12:29.502942+00:00,1223344.970824750,readiness_disarmed,0,"[0.0,0.0,0.0,0.0]",0,0,0,0,,,,,,,,,,,,,,,,,,,,,,,,,,,,0,,0,,,"[NaN,NaN,NaN]","[NaN,NaN,NaN,NaN]","[NaN,NaN,NaN,NaN,NaN,NaN]",0.000075,4,0,[],0,,,90.769844,0.100169,3,air,0,0.0,air
2026-08-11T08:12:29.552996+00:00,1223345.020866556,readiness_disarmed,0,"[0.0,0.0,0.0,0.0]",0,0,0,0,,,,,,,,,,,,,,,,,,,,,,,,,,,,0,,0,,,"[NaN,NaN,NaN]","[NaN,NaN,NaN,NaN]","[NaN,NaN,NaN,NaN,NaN,NaN]",0.050117,4,0,[],0,,,90.769844,0.000148,4,air,0,0.0,air
2026-08-11T08:12:29.602642+00:00,1223345.070508374,readiness_disarmed,0,"[0.0,0.0,0.0,0.0]",0,0,0,0,,,,,,,,,,,,,,,,,,,,,,,,,,,,0,,0,,,"[NaN,NaN,NaN]","[NaN,NaN,NaN,NaN]","[NaN,NaN,NaN,NaN,NaN,NaN]",0.099758,4,0,[],0,,,90.769844,0.049790,4,air,0,0.0,air
2026-08-11T08:12:29.653408+00:00,1223345.121280534,readiness_disarmed,0,"[0.0,0.0,0.0,0.0]",0,0,0,0,,,,,,,,,,,,,,,,,,,,,,,,,,,,0,,0,,,"[NaN,NaN,NaN]","[NaN,NaN,NaN,NaN]","[NaN,NaN,NaN,NaN,NaN,NaN]",0.000125,5,0,[],0,,,90.413228,0.100562,4,air,0,0.0,air
2026-08-11T08:12:29.702895+00:00,1223345.170767516,readiness_disarmed,0,"[0.0,0.0,0.0,0.0]",0,0,0,0,,,,,,,,,,,,,,,,,,,,,,,,,,,,0,,0,,,"[NaN,NaN,NaN]","[NaN,NaN,NaN,NaN]","[NaN,NaN,NaN,NaN,NaN,NaN]",0.049612,5,0,[],0,,,90.413228,0.000145,5,air,0,0.0,air
2026-08-11T08:12:29.752666+00:00,1223345.220530819,readiness_disarmed,0,"[0.0,0.0,0.0,0.0]",0,0,0,0,,,,,,,,,,,,,,,,,,,,,,,,,,,,0,,0,,,"[NaN,NaN,NaN]","[NaN,NaN,NaN,NaN]","[NaN,NaN,NaN,NaN,NaN,NaN]",0.099376,5,0,[],0,,,90.413228,0.049908,5,air,0,0.0,air
2026-08-11T08:12:29.803396+00:00,1223345.271268177,readiness_disarmed,0,"[0.0,0.0,0.0,0.0]",0,0,0,0,,,,,,,,,,,,,,,,,,,,,,,,,,,,0,,0,,,"[NaN,NaN,NaN]","[NaN,NaN,NaN,NaN]","[NaN,NaN,NaN,NaN,NaN,NaN]",0.000125,6,0,[],0,,,88.644385,0.100645,5,air,0,0.0,air
2026-08-11T08:12:29.852930+00:00,1223345.320801672,readiness_disarmed,0,"[0.0,0.0,0.0,0.0]",0,0,0,0,,,,,,,,,,,,,,,,,,,,,,,,,,,,0,,0,,,"[NaN,NaN,NaN]","[NaN,NaN,NaN,NaN]","[NaN,NaN,NaN,NaN,NaN,NaN]",0.049659,6,0,[],0,,,88.644385,0.000160,6,air,0,0.0,air
2026-08-11T08:12:29.902640+00:00,1223345.370505399,readiness_disarmed,0,"[0.0,0.0,0.0,0.0]",0,0,0,0,,,,,,,,,,,,,,,,,,,,,,,,,,,,0,,0,,,"[NaN,NaN,NaN]","[NaN,NaN,NaN,NaN]","[NaN,NaN,NaN,NaN,NaN,NaN]",0.099363,6,0,[],0,,,88.644385,0.049864,6,air,0,0.0,air
2026-08-11T08:12:29.953389+00:00,1223345.421260570,readiness_disarmed,0,"[0.0,0.0,0.0,0.0]",0,0,0,0,,,,,,,,,,,,,,,,,,,,,,,,,,,,0,,0,,,"[NaN,NaN,NaN]","[NaN,NaN,NaN,NaN]","[NaN,NaN,NaN,NaN,NaN,NaN]",0.000127,7,0,[],0,,,89.429459,0.100619,6,air,0,0.0,air
2026-08-11T08:12:30.203600+00:00,1223345.470825483,readiness_disarmed,0,"[0.0,0.0,0.0,0.0]",0,0,0,0,,,,,,,,,,,,,,,,,,,,,,,,,,,,0,,0,,,"[NaN,NaN,NaN]","[NaN,NaN,NaN,NaN]","[NaN,NaN,NaN,NaN,NaN,NaN]",0.049692,7,0,[],0,,,89.429459,0.000146,7,air,0,0.0,air
2026-08-11T08:12:30.204130+00:00,1223345.671990168,readiness_disarmed,0,"[0.0,0.0,0.0,0.0]",0,0,0,0,,,,,,,,,,,,,,,,,,,,,,,,,,,,0,,0,,,"[NaN,NaN,NaN]","[NaN,NaN,NaN,NaN]","[NaN,NaN,NaN,NaN,NaN,NaN]",0.250857,7,0,[],0,,,89.429459,0.201310,7,air,0,0.0,air
2026-08-11T08:12:30.205167+00:00,1223345.673045195,readiness_disarmed,0,"[0.0,0.0,0.0,0.0]",0,0,0,0,,,,,,,,,,,,,,,,,,,,,,,,,,,,0,,0,,,"[NaN,NaN,NaN]","[NaN,NaN,NaN,NaN]","[NaN,NaN,NaN,NaN,NaN,NaN]",0.000139,8,0,[],0,,,89.778074,0.202365,7,air,0,0.0,air
2026-08-11T08:12:30.205728+00:00,1223345.673608705,readiness_disarmed,0,"[0.0,0.0,0.0,0.0]",0,0,0,0,,,,,,,,,,,,,,,,,,,,,,,,,,,,0,,0,,,"[NaN,NaN,NaN]","[NaN,NaN,NaN,NaN]","[NaN,NaN,NaN,NaN,NaN,NaN]",0.000702,8,0,[],0,,,89.778074,0.000114,8,air,0,0.0,air
2026-08-11T08:12:30.206048+00:00,1223345.673930921,readiness_disarmed,0,"[0.0,0.0,0.0,0.0]",0,0,0,0,,,,,,,,,,,,,,,,,,,,,,,,,,,,0,,0,,,"[NaN,NaN,NaN]","[NaN,NaN,NaN,NaN]","[NaN,NaN,NaN,NaN,NaN,NaN]",0.001025,8,0,[],0,,,89.778074,0.000436,8,air,0,0.0,air
2026-08-11T08:12:30.252798+00:00,1223345.720692631,readiness_disarmed,0,"[0.0,0.0,0.0,0.0]",0,0,0,0,,,,,,,,,,,,,,,,,,,,,,,,,,,,0,,0,,,"[NaN,NaN,NaN]","[NaN,NaN,NaN,NaN]","[NaN,NaN,NaN,NaN,NaN,NaN]",0.000047,9,0,[],0,,,93.989544,0.047198,8,air,0,0.0,air
2026-08-11T08:12:30.302910+00:00,1223345.770781762,readiness_disarmed,0,"[0.0,0.0,0.0,0.0]",0,0,0,0,,,,,,,,,,,,,,,,,,,,,,,,,,,,0,,0,,,"[NaN,NaN,NaN]","[NaN,NaN,NaN,NaN]","[NaN,NaN,NaN,NaN,NaN,NaN]",0.050136,9,0,[],0,,,93.989544,0.000143,9,air,0,0.0,air
2026-08-11T08:12:30.352634+00:00,1223345.820501824,readiness_disarmed,0,"[0.0,0.0,0.0,0.0]",0,0,0,0,,,,,,,,,,,,,,,,,,,,,,,,,,,,0,,0,,,"[NaN,NaN,NaN]","[NaN,NaN,NaN,NaN]","[NaN,NaN,NaN,NaN,NaN,NaN]",0.099856,9,0,[],0,,,93.989544,0.049863,9,air,0,0.0,air
2026-08-11T08:12:30.403360+00:00,1223345.871229297,readiness_disarmed,0,"[0.0,0.0,0.0,0.0]",0,0,0,0,,,,,,,,,,,,,,,,,,,,,,,,,,,,0,,0,,,"[NaN,NaN,NaN]","[NaN,NaN,NaN,NaN]","[NaN,NaN,NaN,NaN,NaN,NaN]",0.000132,10,0,[],0,,,95.760405,0.100590,9,air,0,0.0,air
2026-08-11T08:12:30.452906+00:00,1223345.920775546,readiness_disarmed,0,"[0.0,0.0,0.0,0.0]",0,0,0,0,,,,,,,,,,,,,,,,,,,,,,,,,,,,0,,0,,,"[NaN,NaN,NaN]","[NaN,NaN,NaN,NaN]","[NaN,NaN,NaN,NaN,NaN,NaN]",0.049678,10,0,[],0,,,95.760405,0.000155,10,air,0,0.0,air
2026-08-11T08:12:30.502683+00:00,1223345.970541826,readiness_disarmed,0,"[0.0,0.0,0.0,0.0]",0,0,0,0,,,,,,,,,,,,,,,,,,,,,,,,,,,,0,,0,,,"[NaN,NaN,NaN]","[NaN,NaN,NaN,NaN]","[NaN,NaN,NaN,NaN,NaN,NaN]",0.099445,10,0,[],0,,,95.760405,0.049921,10,air,0,0.0,air
2026-08-11T08:12:30.553751+00:00,1223346.021602942,readiness_disarmed,0,"[0.0,0.0,0.0,0.0]",0,0,0,0,,,,,,,,,,,,,,,,,,,,,,,,,,,,0,,0,,,"[NaN,NaN,NaN]","[NaN,NaN,NaN,NaN]","[NaN,NaN,NaN,NaN,NaN,NaN]",0.000176,11,0,[],0,,,93.818847,0.100982,10,air,0,0.0,air
2026-08-11T08:12:30.602962+00:00,1223346.070831796,readiness_disarmed,0,"[0.0,0.0,0.0,0.0]",0,0,0,0,,,,,,,,,,,,,,,,,,,,,,,,,,,,0,,0,,,"[NaN,NaN,NaN]","[NaN,NaN,NaN,NaN]","[NaN,NaN,NaN,NaN,NaN,NaN]",0.049405,11,0,[],0,,,93.818847,0.000150,11,air,0,0.0,air
2026-08-11T08:12:30.652577+00:00,1223346.120445626,readiness_disarmed,0,"[0.0,0.0,0.0,0.0]",0,0,0,0,,,,,,,,,,,,,,,,,,,,,,,,,,,,0,,0,,,"[NaN,NaN,NaN]","[NaN,NaN,NaN,NaN]","[NaN,NaN,NaN,NaN,NaN,NaN]",0.099019,11,0,[],0,,,93.818847,0.049764,11,air,0,0.0,air
2026-08-11T08:12:30.703388+00:00,1223346.171259197,readiness_disarmed,0,"[0.0,0.0,0.0,0.0]",0,0,0,0,,,,,,,,,,,,,,,,,,,,,,,,,,,,0,,0,,,"[NaN,NaN,NaN]","[NaN,NaN,NaN,NaN]","[NaN,NaN,NaN,NaN,NaN,NaN]",0.000131,12,0,[],0,,,96.237998,0.100578,11,air,0,0.0,air
2026-08-11T08:12:30.752936+00:00,1223346.220807853,readiness_disarmed,0,"[0.0,0.0,0.0,0.0]",0,0,0,0,,,,,,,,,,,,,,,,,,,,,,,,,,,,0,,0,,,"[NaN,NaN,NaN]","[NaN,NaN,NaN,NaN]","[NaN,NaN,NaN,NaN,NaN,NaN]",0.049679,12,0,[],0,,,96.237998,0.000145,12,air,0,0.0,air
2026-08-11T08:12:30.802634+00:00,1223346.270501518,readiness_disarmed,0,"[0.0,0.0,0.0,0.0]",0,0,0,0,,,,,,,,,,,,,,,,,,,,,,,,,,,,0,,0,,,"[NaN,NaN,NaN]","[NaN,NaN,NaN,NaN]","[NaN,NaN,NaN,NaN,NaN,NaN]",0.099373,12,0,[],0,,,96.237998,0.049838,12,air,0,0.0,air
2026-08-11T08:12:30.853283+00:00,1223346.321157222,readiness_disarmed,0,"[0.0,0.0,0.0,0.0]",0,0,0,0,,,,,,,,,,,,,,,,,,,,,,,,,,,,0,,0,,,"[NaN,NaN,NaN]","[NaN,NaN,NaN,NaN]","[NaN,NaN,NaN,NaN,NaN,NaN]",0.000163,13,0,[],0,,,90.696193,0.100494,12,air,0,0.0,air
2026-08-11T08:12:30.902933+00:00,1223346.370806744,readiness_disarmed,0,"[0.0,0.0,0.0,0.0]",0,0,0,0,,,,,,,,,,,,,,,,,,,,,,,,,,,,0,,0,,,"[NaN,NaN,NaN]","[NaN,NaN,NaN,NaN]","[NaN,NaN,NaN,NaN,NaN,NaN]",0.049812,13,0,[],0,,,90.696193,0.000139,13,air,0,0.0,air
2026-08-11T08:12:30.952642+00:00,1223346.420507892,readiness_disarmed,0,"[0.0,0.0,0.0,0.0]",0,0,0,0,,,,,,,,,,,,,,,,,,,,,,,,,,,,0,,0,,,"[NaN,NaN,NaN]","[NaN,NaN,NaN,NaN]","[NaN,NaN,NaN,NaN,NaN,NaN]",0.099514,13,0,[],0,,,90.696193,0.049841,13,air,0,0.0,air
2026-08-11T08:12:31.203930+00:00,1223346.471235825,readiness_disarmed,0,"[0.0,0.0,0.0,0.0]",0,0,0,0,,,,,,,,,,,,,,,,,,,,,,,,,,,,0,,0,,,"[NaN,NaN,NaN]","[NaN,NaN,NaN,NaN]","[NaN,NaN,NaN,NaN,NaN,NaN]",0.000123,14,0,[],0,,,90.340012,0.100569,13,air,0,0.0,air
2026-08-11T08:12:31.204739+00:00,1223346.672614220,readiness_disarmed,0,"[0.0,0.0,0.0,0.0]",0,0,0,0,,,,,,,,,,,,,,,,,,,,,,,,,,,,0,,0,,,"[NaN,NaN,NaN]","[NaN,NaN,NaN,NaN]","[NaN,NaN,NaN,NaN,NaN,NaN]",0.201502,14,0,[],0,,,90.340012,0.000141,14,air,0,0.0,air
2026-08-11T08:12:31.205110+00:00,1223346.672980705,readiness_disarmed,0,"[0.0,0.0,0.0,0.0]",0,0,0,0,,,,,,,,,,,,,,,,,,,,,,,,,,,,0,,0,,,"[NaN,NaN,NaN]","[NaN,NaN,NaN,NaN]","[NaN,NaN,NaN,NaN,NaN,NaN]",0.201868,14,0,[],0,,,90.340012,0.000508,14,air,0,0.0,air
2026-08-11T08:12:31.206019+00:00,1223346.673899459,readiness_disarmed,0,"[0.0,0.0,0.0,0.0]",0,0,0,0,,,,,,,,,,,,,,,,,,,,,,,,,,,,0,,0,,,"[NaN,NaN,NaN]","[NaN,NaN,NaN,NaN]","[NaN,NaN,NaN,NaN,NaN,NaN]",0.000102,15,0,[],0,,,93.097319,0.001426,14,air,0,0.0,air
2026-08-11T08:12:31.206592+00:00,1223346.674473475,readiness_disarmed,0,"[0.0,0.0,0.0,0.0]",0,0,0,0,,,,,,,,,,,,,,,,,,,,,,,,,,,,0,,0,,,"[NaN,NaN,NaN]","[NaN,NaN,NaN,NaN]","[NaN,NaN,NaN,NaN,NaN,NaN]",0.000676,15,0,[],0,,,93.097319,0.000127,15,air,0,0.0,air
2026-08-11T08:12:31.252582+00:00,1223346.720448509,readiness_disarmed,0,"[0.0,0.0,0.0,0.0]",0,0,0,0,,,,,,,,,,,,,,,,,,,,,,,,,,,,0,,0,,,"[NaN,NaN,NaN]","[NaN,NaN,NaN,NaN]","[NaN,NaN,NaN,NaN,NaN,NaN]",0.046651,15,0,[],0,,,93.097319,0.046102,15,air,0,0.0,air
2026-08-11T08:12:31.303281+00:00,1223346.771153232,readiness_disarmed,0,"[0.0,0.0,0.0,0.0]",0,0,0,0,,,,,,,,,,,,,,,,,,,,,,,,,,,,0,,0,,,"[NaN,NaN,NaN]","[NaN,NaN,NaN,NaN]","[NaN,NaN,NaN,NaN,NaN,NaN]",0.000157,16,0,[],0,,,95.368178,0.096807,15,air,0,0.0,air
2026-08-11T08:12:31.352885+00:00,1223346.820756305,readiness_disarmed,0,"[0.0,0.0,0.0,0.0]",0,0,0,0,,,,,,,,,,,,,,,,,,,,,,,,,,,,0,,0,,,"[NaN,NaN,NaN]","[NaN,NaN,NaN,NaN]","[NaN,NaN,NaN,NaN,NaN,NaN]",0.049760,16,0,[],0,,,95.368178,0.000159,16,air,0,0.0,air
2026-08-11T08:12:31.402580+00:00,1223346.870447067,readiness_disarmed,0,"[0.0,0.0,0.0,0.0]",0,0,0,0,,,,,,,,,,,,,,,,,,,,,,,,,,,,0,,0,,,"[NaN,NaN,NaN]","[NaN,NaN,NaN,NaN]","[NaN,NaN,NaN,NaN,NaN,NaN]",0.099451,16,0,[],0,,,95.368178,0.049849,16,air,0,0.0,air
2026-08-11T08:12:31.453293+00:00,1223346.921166200,readiness_disarmed,0,"[0.0,0.0,0.0,0.0]",0,0,0,0,,,,,,,,,,,,,,,,,,,,,,,,,,,,0,,0,,,"[NaN,NaN,NaN]","[NaN,NaN,NaN,NaN]","[NaN,NaN,NaN,NaN,NaN,NaN]",0.000124,17,0,[],0,,,95.760434,0.100568,16,air,0,0.0,air
2026-08-11T08:12:31.502910+00:00,1223346.970784544,readiness_disarmed,0,"[0.0,0.0,0.0,0.0]",0,0,0,0,,,,,,,,,,,,,,,,,,,,,,,,,,,,0,,0,,,"[NaN,NaN,NaN]","[NaN,NaN,NaN,NaN]","[NaN,NaN,NaN,NaN,NaN,NaN]",0.049742,17,0,[],0,,,95.760434,0.000138,17,air,0,0.0,air
2026-08-11T08:12:31.552596+00:00,1223347.020461180,readiness_disarmed,0,"[0.0,0.0,0.0,0.0]",0,0,0,0,,,,,,,,,,,,,,,,,,,,,,,,,,,,0,,0,,,"[NaN,NaN,NaN]","[NaN,NaN,NaN,NaN]","[NaN,NaN,NaN,NaN,NaN,NaN]",0.099419,17,0,[],0,,,95.760434,0.049815,17,air,0,0.0,air
2026-08-11T08:12:31.602954+00:00,1223347.070846906,readiness_disarmed,0,"[0.0,0.0,0.0,0.0]",0,0,0,0,,,,,,,,,,,,,,,,,,,,,,,,,,,,0,,0,,,"[NaN,NaN,NaN]","[NaN,NaN,NaN,NaN]","[NaN,NaN,NaN,NaN,NaN,NaN]",0.000050,18,0,[],0,,,92.042516,0.100200,17,air,0,0.0,air
2026-08-11T08:12:31.652637+00:00,1223347.120525780,readiness_disarmed,0,"[0.0,0.0,0.0,0.0]",0,0,0,0,,,,,,,,,,,,,,,,,,,,,,,,,,,,0,,0,,,"[NaN,NaN,NaN]","[NaN,NaN,NaN,NaN]","[NaN,NaN,NaN,NaN,NaN,NaN]",0.049729,18,0,[],0,,,92.042516,0.000073,18,air,0,0.0,air
2026-08-11T08:12:31.702536+00:00,1223347.170409726,readiness_disarmed,0,"[0.0,0.0,0.0,0.0]",0,0,0,0,,,,,,,,,,,,,,,,,,,,,,,,,,,,0,,0,,,"[NaN,NaN,NaN]","[NaN,NaN,NaN,NaN]","[NaN,NaN,NaN,NaN,NaN,NaN]",0.099613,18,0,[],0,,,92.042516,0.049957,18,air,0,0.0,air
2026-08-11T08:12:31.753420+00:00,1223347.221292587,readiness_disarmed,0,"[0.0,0.0,0.0,0.0]",0,0,0,0,,,,,,,,,,,,,,,,,,,,,,,,,,,,0,,0,,,"[NaN,NaN,NaN]","[NaN,NaN,NaN,NaN]","[NaN,NaN,NaN,NaN,NaN,NaN]",0.000123,19,0,[],0,,,95.411031,0.100840,18,air,0,0.0,air
2026-08-11T08:12:31.802912+00:00,1223347.270804660,readiness_disarmed,0,"[0.0,0.0,0.0,0.0]",0,0,0,0,,,,,,,,,,,,,,,,,,,,,,,,,,,,0,,0,,,"[NaN,NaN,NaN]","[NaN,NaN,NaN,NaN]","[NaN,NaN,NaN,NaN,NaN,NaN]",0.049635,19,0,[],0,,,95.411031,0.000148,19,air,0,0.0,air
2026-08-11T08:12:31.852491+00:00,1223347.320375912,readiness_disarmed,0,"[0.0,0.0,0.0,0.0]",0,0,0,0,,,,,,,,,,,,,,,,,,,,,,,,,,,,0,,0,,,"[NaN,NaN,NaN]","[NaN,NaN,NaN,NaN]","[NaN,NaN,NaN,NaN,NaN,NaN]",0.099207,19,0,[],0,,,95.411031,0.049719,19,air,0,0.0,air
2026-08-11T08:12:31.902747+00:00,1223347.370641040,readiness_disarmed,0,"[0.0,0.0,0.0,0.0]",0,0,0,0,,,,,,,,,,,,,,,,,,,,,,,,,,,,0,,0,,,"[NaN,NaN,NaN]","[NaN,NaN,NaN,NaN]","[NaN,NaN,NaN,NaN,NaN,NaN]",0.000050,20,0,[],0,,,94.059316,0.099984,19,air,0,0.0,air
2026-08-11T08:12:31.952889+00:00,1223347.420762582,readiness_disarmed,0,"[0.0,0.0,0.0,0.0]",0,0,0,0,,,,,,,,,,,,,,,,,,,,,,,,,,,,0,,0,,,"[NaN,NaN,NaN]","[NaN,NaN,NaN,NaN]","[NaN,NaN,NaN,NaN,NaN,NaN]",0.050172,20,0,[],0,,,94.059316,0.000137,20,air,0,0.0,air
2026-08-11T08:12:32.003057+00:00,1223347.470946520,readiness_disarmed,0,"[0.0,0.0,0.0,0.0]",0,0,0,0,,,,,,,,,,,,,,,,,,,,,,,,,,,,0,,0,,,"[NaN,NaN,NaN]","[NaN,NaN,NaN,NaN]","[NaN,NaN,NaN,NaN,NaN,NaN]",0.100356,20,0,[],0,,,94.059316,0.050321,20,air,0,0.0,air
2026-08-11T08:12:32.253203+00:00,1223347.520752655,readiness_disarmed,0,"[0.0,0.0,0.0,0.0]",0,0,0,0,,,,,,,,,,,,,,,,,,,,,,,,,,,,0,,0,,,"[NaN,NaN,NaN]","[NaN,NaN,NaN,NaN]","[NaN,NaN,NaN,NaN,NaN,NaN]",0.000062,21,0,[],0,,,92.586695,0.100127,20,air,0,0.0,air
2026-08-11T08:12:32.253638+00:00,1223347.721529887,readiness_disarmed,0,"[0.0,0.0,0.0,0.0]",0,0,0,0,,,,,,,,,,,,,,,,,,,,,,,,,,,,0,,0,,,"[NaN,NaN,NaN]","[NaN,NaN,NaN,NaN]","[NaN,NaN,NaN,NaN,NaN,NaN]",0.200839,21,0,[],0,,,92.586695,0.000068,21,air,0,0.0,air
2026-08-11T08:12:32.253794+00:00,1223347.721691405,readiness_disarmed,0,"[0.0,0.0,0.0,0.0]",0,0,0,0,,,,,,,,,,,,,,,,,,,,,,,,,,,,0,,0,,,"[NaN,NaN,NaN]","[NaN,NaN,NaN,NaN]","[NaN,NaN,NaN,NaN,NaN,NaN]",0.201000,21,0,[],0,,,92.586695,0.000230,21,air,0,0.0,air
2026-08-11T08:12:32.254216+00:00,1223347.722112159,readiness_disarmed,0,"[0.0,0.0,0.0,0.0]",0,0,0,0,,,,,,,,,,,,,,,,,,,,,,,,,,,,0,,0,,,"[NaN,NaN,NaN]","[NaN,NaN,NaN,NaN]","[NaN,NaN,NaN,NaN,NaN,NaN]",0.000043,22,0,[],0,,,91.436823,0.000651,21,air,0,0.0,air
2026-08-11T08:12:32.254430+00:00,1223347.722327510,readiness_disarmed,0,"[0.0,0.0,0.0,0.0]",0,0,0,0,,,,,,,,,,,,,,,,,,,,,,,,,,,,0,,0,,,"[NaN,NaN,NaN]","[NaN,NaN,NaN,NaN]","[NaN,NaN,NaN,NaN,NaN,NaN]",0.000258,22,0,[],0,,,91.436823,0.000043,22,air,0,0.0,air
2026-08-11T08:12:32.302540+00:00,1223347.770429935,readiness_disarmed,0,"[0.0,0.0,0.0,0.0]",0,0,0,0,,,,,,,,,,,,,,,,,,,,,,,,,,,,0,,0,,,"[NaN,NaN,NaN]","[NaN,NaN,NaN,NaN]","[NaN,NaN,NaN,NaN,NaN,NaN]",0.048360,22,0,[],0,,,91.436823,0.048145,22,air,0,0.0,air
2026-08-11T08:12:32.352826+00:00,1223347.820712597,readiness_disarmed,0,"[0.0,0.0,0.0,0.0]",0,0,0,0,,,,,,,,,,,,,,,,,,,,,,,,,,,,0,,0,,,"[NaN,NaN,NaN]","[NaN,NaN,NaN,NaN]","[NaN,NaN,NaN,NaN,NaN,NaN]",0.000075,23,0,[],0,,,90.307612,0.098428,22,air,0,0.0,air
2026-08-11T08:12:32.402718+00:00,1223347.870606325,readiness_disarmed,0,"[0.0,0.0,0.0,0.0]",0,0,0,0,,,,,,,,,,,,,,,,,,,,,,,,,,,,0,,0,,,"[NaN,NaN,NaN]","[NaN,NaN,NaN,NaN]","[NaN,NaN,NaN,NaN,NaN,NaN]",0.049968,23,0,[],0,,,90.307612,0.000068,23,air,0,0.0,air
2026-08-11T08:12:32.452618+00:00,1223347.920478756,readiness_disarmed,0,"[0.0,0.0,0.0,0.0]",0,0,0,0,,,,,,,,,,,,,,,,,,,,,,,,,,,,0,,0,,,"[NaN,NaN,NaN]","[NaN,NaN,NaN,NaN]","[NaN,NaN,NaN,NaN,NaN,NaN]",0.099841,23,0,[],0,,,90.307612,0.049941,23,air,0,0.0,air
2026-08-11T08:12:32.502967+00:00,1223347.970858638,readiness_disarmed,0,"[0.0,0.0,0.0,0.0]",0,0,0,0,,,,,,,,,,,,,,,,,,,,,,,,,,,,0,,0,,,"[NaN,NaN,NaN]","[NaN,NaN,NaN,NaN]","[NaN,NaN,NaN,NaN,NaN,NaN]",0.000054,24,0,[],0,,,85.346122,0.100321,23,air,0,0.0,air
2026-08-11T08:12:32.552911+00:00,1223348.020783503,readiness_disarmed,0,"[0.0,0.0,0.0,0.0]",0,0,0,0,,,,,,,,,,,,,,,,,,,,,,,,,,,,0,,0,,,"[NaN,NaN,NaN]","[NaN,NaN,NaN,NaN]","[NaN,NaN,NaN,NaN,NaN,NaN]",0.049979,24,0,[],0,,,85.346122,0.000145,24,air,0,0.0,air
2026-08-11T08:12:32.602592+00:00,1223348.070454464,readiness_disarmed,0,"[0.0,0.0,0.0,0.0]",0,0,0,0,,,,,,,,,,,,,,,,,,,,,,,,,,,,0,,0,,,"[NaN,NaN,NaN]","[NaN,NaN,NaN,NaN]","[NaN,NaN,NaN,NaN,NaN,NaN]",0.099650,24,0,[],0,,,85.346122,0.049816,24,air,0,0.0,air
2026-08-11T08:12:32.653451+00:00,1223348.121312768,readiness_disarmed,0,"[0.0,0.0,0.0,0.0]",0,0,0,0,,,,,,,,,,,,,,,,,,,,,,,,,,,,0,,0,,,"[NaN,NaN,NaN]","[NaN,NaN,NaN,NaN]","[NaN,NaN,NaN,NaN,NaN,NaN]",0.000128,25,0,[],0,,,85.835259,0.100674,24,air,0,0.0,air
2026-08-11T08:12:32.702920+00:00,1223348.170793646,readiness_disarmed,0,"[0.0,0.0,0.0,0.0]",0,0,0,0,,,,,,,,,,,,,,,,,,,,,,,,,,,,0,,0,,,"[NaN,NaN,NaN]","[NaN,NaN,NaN,NaN]","[NaN,NaN,NaN,NaN,NaN,NaN]",0.049608,25,0,[],0,,,85.835259,0.000159,25,air,0,0.0,air
2026-08-11T08:12:32.752589+00:00,1223348.220455904,readiness_disarmed,0,"[0.0,0.0,0.0,0.0]",0,0,0,0,,,,,,,,,,,,,,,,,,,,,,,,,,,,0,,0,,,"[NaN,NaN,NaN]","[NaN,NaN,NaN,NaN]","[NaN,NaN,NaN,NaN,NaN,NaN]",0.099271,25,0,[],0,,,85.835259,0.049821,25,air,0,0.0,air
2026-08-11T08:12:32.803379+00:00,1223348.271250263,readiness_disarmed,0,"[0.0,0.0,0.0,0.0]",0,0,0,0,,,,,,,,,,,,,,,,,,,,,,,,,,,,0,,0,,,"[NaN,NaN,NaN]","[NaN,NaN,NaN,NaN]","[NaN,NaN,NaN,NaN,NaN,NaN]",0.000126,26,0,[],0,,,83.479953,0.100615,25,air,0,0.0,air
2026-08-11T08:12:32.852830+00:00,1223348.320702168,readiness_disarmed,0,"[0.0,0.0,0.0,0.0]",0,0,0,0,,,,,,,,,,,,,,,,,,,,,,,,,,,,0,,0,,,"[NaN,NaN,NaN]","[NaN,NaN,NaN,NaN]","[NaN,NaN,NaN,NaN,NaN,NaN]",0.049578,26,0,[],0,,,83.479953,0.000138,26,air,0,0.0,air
2026-08-11T08:12:32.902644+00:00,1223348.370510559,readiness_disarmed,0,"[0.0,0.0,0.0,0.0]",0,0,0,0,,,,,,,,,,,,,,,,,,,,,,,,,,,,0,,0,,,"[NaN,NaN,NaN]","[NaN,NaN,NaN,NaN]","[NaN,NaN,NaN,NaN,NaN,NaN]",0.099386,26,0,[],0,,,83.479953,0.049946,26,air,0,0.0,air
2026-08-11T08:12:32.953272+00:00,1223348.421145071,readiness_disarmed,0,"[0.0,0.0,0.0,0.0]",0,0,0,0,,,,,,,,,,,,,,,,,,,,,,,,,,,,0,,0,,,"[NaN,NaN,NaN]","[NaN,NaN,NaN,NaN]","[NaN,NaN,NaN,NaN,NaN,NaN]",0.000161,27,0,[],0,,,91.85058,0.100581,26,air,0,0.0,air
2026-08-11T08:12:33.002927+00:00,1223348.470798156,readiness_disarmed,0,"[0.0,0.0,0.0,0.0]",0,0,0,0,,,,,,,,,,,,,,,,,,,,,,,,,,,,0,,0,,,"[NaN,NaN,NaN]","[NaN,NaN,NaN,NaN]","[NaN,NaN,NaN,NaN,NaN,NaN]",0.049814,27,0,[],0,,,91.85058,0.000146,27,air,0,0.0,air
2026-08-11T08:12:33.052570+00:00,1223348.520438941,readiness_disarmed,0,"[0.0,0.0,0.0,0.0]",0,0,0,0,,,,,,,,,,,,,,,,,,,,,,,,,,,,0,,0,,,"[NaN,NaN,NaN]","[NaN,NaN,NaN,NaN]","[NaN,NaN,NaN,NaN,NaN,NaN]",0.099454,27,0,[],0,,,91.85058,0.049787,27,air,0,0.0,air
2026-08-11T08:12:33.303987+00:00,1223348.571248435,readiness_disarmed,0,"[0.0,0.0,0.0,0.0]",0,0,0,0,,,,,,,,,,,,,,,,,,,,,,,,,,,,0,,0,,,"[NaN,NaN,NaN]","[NaN,NaN,NaN,NaN]","[NaN,NaN,NaN,NaN,NaN,NaN]",0.000127,28,0,[],0,,,92.446317,0.100596,27,air,0,0.0,air
2026-08-11T08:12:33.304827+00:00,1223348.772701762,readiness_disarmed,0,"[0.0,0.0,0.0,0.0]",0,0,0,0,,,,,,,,,,,,,,,,,,,,,,,,,,,,0,,0,,,"[NaN,NaN,NaN]","[NaN,NaN,NaN,NaN]","[NaN,NaN,NaN,NaN,NaN,NaN]",0.201580,28,0,[],0,,,92.446317,0.000141,28,air,0,0.0,air
2026-08-11T08:12:33.305201+00:00,1223348.773083604,readiness_disarmed,0,"[0.0,0.0,0.0,0.0]",0,0,0,0,,,,,,,,,,,,,,,,,,,,,,,,,,,,0,,0,,,"[NaN,NaN,NaN]","[NaN,NaN,NaN,NaN]","[NaN,NaN,NaN,NaN,NaN,NaN]",0.201962,28,0,[],0,,,92.446317,0.000523,28,air,0,0.0,air
2026-08-11T08:12:33.306141+00:00,1223348.774020307,readiness_disarmed,0,"[0.0,0.0,0.0,0.0]",0,0,0,0,,,,,,,,,,,,,,,,,,,,,,,,,,,,0,,0,,,"[NaN,NaN,NaN]","[NaN,NaN,NaN,NaN]","[NaN,NaN,NaN,NaN,NaN,NaN]",0.000120,29,0,[],0,,,90.577253,0.001460,28,air,0,0.0,air
2026-08-11T08:12:33.306682+00:00,1223348.774564362,readiness_disarmed,0,"[0.0,0.0,0.0,0.0]",0,0,0,0,,,,,,,,,,,,,,,,,,,,,,,,,,,,0,,0,,,"[NaN,NaN,NaN]","[NaN,NaN,NaN,NaN]","[NaN,NaN,NaN,NaN,NaN,NaN]",0.000664,29,0,[],0,,,90.577253,0.000110,29,air,0,0.0,air
2026-08-11T08:12:33.352495+00:00,1223348.820379198,readiness_disarmed,0,"[0.0,0.0,0.0,0.0]",0,0,0,0,,,,,,,,,,,,,,,,,,,,,,,,,,,,0,,0,,,"[NaN,NaN,NaN]","[NaN,NaN,NaN,NaN]","[NaN,NaN,NaN,NaN,NaN,NaN]",0.046479,29,0,[],0,,,90.577253,0.045925,29,air,0,0.0,air
2026-08-11T08:12:33.403415+00:00,1223348.871287257,readiness_disarmed,0,"[0.0,0.0,0.0,0.0]",0,0,0,0,,,,,,,,,,,,,,,,,,,,,,,,,,,,0,,0,,,"[NaN,NaN,NaN]","[NaN,NaN,NaN,NaN]","[NaN,NaN,NaN,NaN,NaN,NaN]",0.000123,30,0,[],0,,,89.84993,0.096833,29,air,0,0.0,air
2026-08-11T08:12:33.452837+00:00,1223348.920710325,readiness_disarmed,0,"[0.0,0.0,0.0,0.0]",0,0,0,0,,,,,,,,,,,,,,,,,,,,,,,,,,,,0,,0,,,"[NaN,NaN,NaN]","[NaN,NaN,NaN,NaN]","[NaN,NaN,NaN,NaN,NaN,NaN]",0.049546,30,0,[],0,,,89.84993,0.000137,30,air,0,0.0,air
2026-08-11T08:12:33.502656+00:00,1223348.970521726,readiness_disarmed,0,"[0.0,0.0,0.0,0.0]",0,0,0,0,,,,,,,,,,,,,,,,,,,,,,,,,,,,0,,0,,,"[NaN,NaN,NaN]","[NaN,NaN,NaN,NaN]","[NaN,NaN,NaN,NaN,NaN,NaN]",0.099358,30,0,[],0,,,89.84993,0.049949,30,air,0,0.0,air
2026-08-11T08:12:33.553261+00:00,1223349.021135567,readiness_disarmed,0,"[0.0,0.0,0.0,0.0]",0,0,0,0,,,,,,,,,,,,,,,,,,,,,,,,,,,,0,,0,,,"[NaN,NaN,NaN]","[NaN,NaN,NaN,NaN]","[NaN,NaN,NaN,NaN,NaN,NaN]",0.000155,31,0,[],0,,,90.852183,0.100563,30,air,0,0.0,air
2026-08-11T08:12:33.602916+00:00,1223349.070789392,readiness_disarmed,0,"[0.0,0.0,0.0,0.0]",0,0,0,0,,,,,,,,,,,,,,,,,,,,,,,,,,,,0,,0,,,"[NaN,NaN,NaN]","[NaN,NaN,NaN,NaN]","[NaN,NaN,NaN,NaN,NaN,NaN]",0.049809,31,0,[],0,,,90.852183,0.000139,31,air,0,0.0,air
2026-08-11T08:12:33.652576+00:00,1223349.120443137,readiness_disarmed,0,"[0.0,0.0,0.0,0.0]",0,0,0,0,,,,,,,,,,,,,,,,,,,,,,,,,,,,0,,0,,,"[NaN,NaN,NaN]","[NaN,NaN,NaN,NaN]","[NaN,NaN,NaN,NaN,NaN,NaN]",0.099463,31,0,[],0,,,90.852183,0.049793,31,air,0,0.0,air
2026-08-11T08:12:33.703388+00:00,1223349.171259241,readiness_disarmed,0,"[0.0,0.0,0.0,0.0]",0,0,0,0,,,,,,,,,,,,,,,,,,,,,,,,,,,,0,,0,,,"[NaN,NaN,NaN]","[NaN,NaN,NaN,NaN]","[NaN,NaN,NaN,NaN,NaN,NaN]",0.000126,32,0,[],0,,,88.35277,0.100609,31,air,0,0.0,air
2026-08-11T08:12:33.752826+00:00,1223349.220699280,readiness_disarmed,0,"[0.0,0.0,0.0,0.0]",0,0,0,0,,,,,,,,,,,,,,,,,,,,,,,,,,,,0,,0,,,"[NaN,NaN,NaN]","[NaN,NaN,NaN,NaN]","[NaN,NaN,NaN,NaN,NaN,NaN]",0.049566,32,0,[],0,,,88.35277,0.000135,32,air,0,0.0,air
2026-08-11T08:12:33.802565+00:00,1223349.270446834,readiness_disarmed,0,"[0.0,0.0,0.0,0.0]",0,0,0,0,,,,,,,,,,,,,,,,,,,,,,,,,,,,0,,0,,,"[NaN,NaN,NaN]","[NaN,NaN,NaN,NaN]","[NaN,NaN,NaN,NaN,NaN,NaN]",0.099314,32,0,[],0,,,88.35277,0.049883,32,air,0,0.0,air
2026-08-11T08:12:33.853279+00:00,1223349.321152208,readiness_disarmed,0,"[0.0,0.0,0.0,0.0]",0,0,0,0,,,,,,,,,,,,,,,,,,,,,,,,,,,,0,,0,,,"[NaN,NaN,NaN]","[NaN,NaN,NaN,NaN]","[NaN,NaN,NaN,NaN,NaN,NaN]",0.000157,33,0,[],0,,,88.457226,0.100588,32,air,0,0.0,air
2026-08-11T08:12:33.902787+00:00,1223349.370670397,readiness_disarmed,0,"[0.0,0.0,0.0,0.0]",0,0,0,0,,,,,,,,,,,,,,,,,,,,,,,,,,,,0,,0,,,"[NaN,NaN,NaN]","[NaN,NaN,NaN,NaN]","[NaN,NaN,NaN,NaN,NaN,NaN]",0.049676,33,0,[],0,,,88.457226,0.000093,33,air,0,0.0,air
2026-08-11T08:12:33.952574+00:00,1223349.420441862,readiness_disarmed,0,"[0.0,0.0,0.0,0.0]",0,0,0,0,,,,,,,,,,,,,,,,,,,,,,,,,,,,0,,0,,,"[NaN,NaN,NaN]","[NaN,NaN,NaN,NaN]","[NaN,NaN,NaN,NaN,NaN,NaN]",0.099447,33,0,[],0,,,88.457226,0.049865,33,air,0,0.0,air
2026-08-11T08:12:34.003221+00:00,1223349.471108236,readiness_disarmed,0,"[0.0,0.0,0.0,0.0]",0,0,0,0,,,,,,,,,,,,,,,,,,,,,,,,,,,,0,,0,,,"[NaN,NaN,NaN]","[NaN,NaN,NaN,NaN]","[NaN,NaN,NaN,NaN,NaN,NaN]",0.000071,34,0,[],0,,,86.61143,0.100531,33,air,0,0.0,air
2026-08-11T08:12:34.052838+00:00,1223349.520710904,readiness_disarmed,0,"[0.0,0.0,0.0,0.0]",0,0,0,0,,,,,,,,,,,,,,,,,,,,,,,,,,,,0,,0,,,"[NaN,NaN,NaN]","[NaN,NaN,NaN,NaN]","[NaN,NaN,NaN,NaN,NaN,NaN]",0.049674,34,0,[],0,,,86.61143,0.000138,34,air,0,0.0,air
2026-08-11T08:12:34.102644+00:00,1223349.570509103,readiness_disarmed,0,"[0.0,0.0,0.0,0.0]",0,0,0,0,,,,,,,,,,,,,,,,,,,,,,,,,,,,0,,0,,,"[NaN,NaN,NaN]","[NaN,NaN,NaN,NaN]","[NaN,NaN,NaN,NaN,NaN,NaN]",0.099472,34,0,[],0,,,86.61143,0.049936,34,air,0,0.0,air
2026-08-11T08:12:34.353619+00:00,1223349.620963499,readiness_disarmed,0,"[0.0,0.0,0.0,0.0]",0,0,0,0,,,,,,,,,,,,,,,,,,,,,,,,,,,,0,,0,,,"[NaN,NaN,NaN]","[NaN,NaN,NaN,NaN]","[NaN,NaN,NaN,NaN,NaN,NaN]",0.000097,35,0,[],0,,,88.740054,0.100391,34,air,0,0.0,air
2026-08-11T08:12:34.354343+00:00,1223349.822223581,readiness_disarmed,0,"[0.0,0.0,0.0,0.0]",0,0,0,0,,,,,,,,,,,,,,,,,,,,,,,,,,,,0,,0,,,"[NaN,NaN,NaN]","[NaN,NaN,NaN,NaN]","[NaN,NaN,NaN,NaN,NaN,NaN]",0.201357,35,0,[],0,,,88.740054,0.000123,35,air,0,0.0,air
2026-08-11T08:12:34.354653+00:00,1223349.822539671,readiness_disarmed,0,"[0.0,0.0,0.0,0.0]",0,0,0,0,,,,,,,,,,,,,,,,,,,,,,,,,,,,0,,0,,,"[NaN,NaN,NaN]","[NaN,NaN,NaN,NaN]","[NaN,NaN,NaN,NaN,NaN,NaN]",0.201674,35,0,[],0,,,88.740054,0.000439,35,air,0,0.0,air
2026-08-11T08:12:34.355446+00:00,1223349.823329698,readiness_disarmed,0,"[0.0,0.0,0.0,0.0]",0,0,0,0,,,,,,,,,,,,,,,,,,,,,,,,,,,,0,,0,,,"[NaN,NaN,NaN]","[NaN,NaN,NaN,NaN]","[NaN,NaN,NaN,NaN,NaN,NaN]",0.000091,36,0,[],0,,,88.861462,0.001229,35,air,0,0.0,air
2026-08-11T08:12:34.355897+00:00,1223349.823782249,readiness_disarmed,0,"[0.0,0.0,0.0,0.0]",0,0,0,0,,,,,,,,,,,,,,,,,,,,,,,,,,,,0,,0,,,"[NaN,NaN,NaN]","[NaN,NaN,NaN,NaN]","[NaN,NaN,NaN,NaN,NaN,NaN]",0.000544,36,0,[],0,,,88.861462,0.000093,36,air,0,0.0,air
2026-08-11T08:12:34.402571+00:00,1223349.870452026,readiness_disarmed,0,"[0.0,0.0,0.0,0.0]",0,0,0,0,,,,,,,,,,,,,,,,,,,,,,,,,,,,0,,0,,,"[NaN,NaN,NaN]","[NaN,NaN,NaN,NaN]","[NaN,NaN,NaN,NaN,NaN,NaN]",0.047214,36,0,[],0,,,88.861462,0.046763,36,air,0,0.0,air
2026-08-11T08:12:34.453238+00:00,1223349.921114511,readiness_disarmed,0,"[0.0,0.0,0.0,0.0]",0,0,0,0,,,,,,,,,,,,,,,,,,,,,,,,,,,,0,,0,,,"[NaN,NaN,NaN]","[NaN,NaN,NaN,NaN]","[NaN,NaN,NaN,NaN,NaN,NaN]",0.000116,37,0,[],0,,,88.186437,0.097426,36,air,0,0.0,air
2026-08-11T08:12:34.502842+00:00,1223349.970719669,readiness_disarmed,0,"[0.0,0.0,0.0,0.0]",0,0,0,0,,,,,,,,,,,,,,,,,,,,,,,,,,,,0,,0,,,"[NaN,NaN,NaN]","[NaN,NaN,NaN,NaN]","[NaN,NaN,NaN,NaN,NaN,NaN]",0.049722,37,0,[],0,,,88.186437,0.000125,37,air,0,0.0,air
2026-08-11T08:12:34.552591+00:00,1223350.020447906,readiness_disarmed,0,"[0.0,0.0,0.0,0.0]",0,0,0,0,,,,,,,,,,,,,,,,,,,,,,,,,,,,0,,0,,,"[NaN,NaN,NaN]","[NaN,NaN,NaN,NaN]","[NaN,NaN,NaN,NaN,NaN,NaN]",0.099450,37,0,[],0,,,88.186437,0.049853,37,air,0,0.0,air
2026-08-11T08:12:34.603130+00:00,1223350.070973312,readiness_disarmed,0,"[0.0,0.0,0.0,0.0]",0,0,0,0,,,,,,,,,,,,,,,,,,,,,,,,,,,,0,,0,,,"[NaN,NaN,NaN]","[NaN,NaN,NaN,NaN]","[NaN,NaN,NaN,NaN,NaN,NaN]",0.000110,38,0,[],0,,,84.148317,0.100378,37,air,0,0.0,air
2026-08-11T08:12:34.652925+00:00,1223350.120791534,readiness_disarmed,0,"[0.0,0.0,0.0,0.0]",0,0,0,0,,,,,,,,,,,,,,,,,,,,,,,,,,,,0,,0,,,"[NaN,NaN,NaN]","[NaN,NaN,NaN,NaN]","[NaN,NaN,NaN,NaN,NaN,NaN]",0.049929,38,0,[],0,,,84.148317,0.000151,38,air,0,0.0,air
2026-08-11T08:12:34.702566+00:00,1223350.170445190,readiness_disarmed,0,"[0.0,0.0,0.0,0.0]",0,0,0,0,,,,,,,,,,,,,,,,,,,,,,,,,,,,0,,0,,,"[NaN,NaN,NaN]","[NaN,NaN,NaN,NaN]","[NaN,NaN,NaN,NaN,NaN,NaN]",0.099582,38,0,[],0,,,84.148317,0.049805,38,air,0,0.0,air
2026-08-11T08:12:34.753145+00:00,1223350.220975539,readiness_disarmed,0,"[0.0,0.0,0.0,0.0]",0,0,0,0,,,,,,,,,,,,,,,,,,,,,,,,,,,,0,,0,,,"[NaN,NaN,NaN]","[NaN,NaN,NaN,NaN]","[NaN,NaN,NaN,NaN,NaN,NaN]",0.000129,39,0,[],0,,,82.920902,0.100335,38,air,0,0.0,air
2026-08-11T08:12:34.802814+00:00,1223350.270698733,readiness_disarmed,0,"[0.0,0.0,0.0,0.0]",0,0,0,0,,,,,,,,,,,,,,,,,,,,,,,,,,,,0,,0,,,"[NaN,NaN,NaN]","[NaN,NaN,NaN,NaN]","[NaN,NaN,NaN,NaN,NaN,NaN]",0.049852,39,0,[],0,,,82.920902,0.000084,39,air,0,0.0,air
2026-08-11T08:12:34.852648+00:00,1223350.320513681,readiness_disarmed,0,"[0.0,0.0,0.0,0.0]",0,0,0,0,,,,,,,,,,,,,,,,,,,,,,,,,,,,0,,0,,,"[NaN,NaN,NaN]","[NaN,NaN,NaN,NaN]","[NaN,NaN,NaN,NaN,NaN,NaN]",0.099667,39,0,[],0,,,82.920902,0.049899,39,air,0,0.0,air
2026-08-11T08:12:34.902838+00:00,1223350.370721248,readiness_disarmed,0,"[0.0,0.0,0.0,0.0]",0,0,0,0,,,,,,,,,,,,,,,,,,,,,,,,,,,,0,,0,,,"[NaN,NaN,NaN]","[NaN,NaN,NaN,NaN]","[NaN,NaN,NaN,NaN,NaN,NaN]",0.000076,40,0,[],0,,,82.726434,0.100107,39,air,0,0.0,air
2026-08-11T08:12:34.952697+00:00,1223350.420588186,readiness_disarmed,0,"[0.0,0.0,0.0,0.0]",0,0,0,0,,,,,,,,,,,,,,,,,,,,,,,,,,,,0,,0,,,"[NaN,NaN,NaN]","[NaN,NaN,NaN,NaN]","[NaN,NaN,NaN,NaN,NaN,NaN]",0.049943,40,0,[],0,,,82.726434,0.000059,40,air,0,0.0,air
