host_time_utc,host_monotonic_s,phase,requested_forward,requested_right,requested_down,requested_yaw,requested_motor_index,requested_motor_throttle,requested_armed,sent,transport_open,session_confirmed,armed_confirmation_fresh,telemetry_fresh,telemetry_age_s,telemetry_sequence,mcu_tick_ms,state,telemetry_armed,telemetry_mpc_direct,telemetry_yaw_direct,telemetry_failsafe,command_status,reject_flags,last_command_session,last_command_sequence,last_command_crc,last_command_sender_time_ms,command_count,rejected_command_count,yaw_rad,yaw_rate_rad_s,imu_quat_wxyz,imu_angular_velocity_xyz_rad_s,imu_linear_acceleration_xyz_m_s2,depth_m,pressure_pa,received_channels,applied_motor_throttle_m1_m8,motor_rpm_m1_m8,rpm_valid_mask,execution_feedback_valid,rpm_available
2026-08-11T13:22:44.501882+00:00,1241959.969564,cycle_1_neutral_before,0.0000000,0.0000000,0.0000000,0.0000000,,,0,1,1,0,0,0,nan,,,,,,,,,,,,,,,,,,,,,,,,,,,,
2026-08-11T13:22:44.552842+00:00,1241960.019993,cycle_1_neutral_before,0.0000000,0.0000000,0.0000000,0.0000000,,,0,1,1,0,0,1,0.000000,26535,1326800,1,0,1,1,0,1,0,3024494567,92,63617,1241929921,4506,0,-1.9126681,0.0312460,"[0.5762454867362976,-0.01786898635327816,0.031070973724126816,-0.8164903521537781]","[-0.003896046197041869,-0.0012308586155995727,0.031245950609445572]","[-0.07684899866580963,-0.7000769972801208,9.796338081359863]",0.1394898,1367.000,"[0.0,0.0,0.0,0.0]","[0.0,0.0,0.0,0.0,0.0,0.0,0.0,0.0]","[0.0,0.0,0.0,0.0,0.0,0.0,0.0,0.0]",255,1,1
2026-08-11T13:22:44.604594+00:00,1241960.071091,cycle_1_neutral_before,0.0000000,0.0000000,0.0000000,0.0000000,,,0,1,1,1,0,1,0.000000,26536,1326850,1,0,1,1,0,1,0,2813766062,0,55195,1241959969,4507,0,-1.9112679,0.0300562,"[0.5768156051635742,-0.017931990325450897,0.031062984839081764,-0.8160865902900696]","[-0.005736426450312138,-0.0037298384122550488,0.030056193470954895]","[-0.07212600111961365,-0.6974369883537292,9.813143730163574]",0.1359184,1332.000,"[0.0,0.0,0.0,0.0]","[0.0,0.0,0.0,0.0,0.0,0.0,0.0,0.0]","[0.0,0.0,0.0,0.0,0.0,0.0,0.0,0.0]",255,1,1
2026-08-11T13:22:44.656756+00:00,1241960.122972,cycle_1_neutral_before,0.0000000,0.0000000,0.0000000,0.0000000,,,0,1,1,1,0,1,0.000000,26537,1326900,1,0,1,1,0,1,0,2813766062,1,61139,1241960020,4508,0,-1.9099087,0.0288481,"[0.5773677229881287,-0.018024995923042297,0.03104199469089508,-0.8156948089599609]","[-0.003298270981758833,-0.003760992782190442,0.028848057612776756]","[-0.06976199895143509,-0.7047370076179504,9.808481216430664]",0.1359184,1332.000,"[0.0,0.0,0.0,0.0]","[0.0,0.0,0.0,0.0,0.0,0.0,0.0,0.0]","[0.0,0.0,0.0,0.0,0.0,0.0,0.0,0.0]",255,1,1
2026-08-11T13:22:44.709052+00:00,1241960.175208,cycle_1_neutral_before,0.0000000,0.0000000,0.0000000,0.0000000,,,0,1,1,1,0,1,0.000000,26538,1326950,1,0,1,1,0,1,0,2813766062,2,36317,1241960072,4509,0,-1.9085751,0.0282440,"[0.5779094099998474,-0.01810997724533081,0.030995965003967285,-0.8153110146522522]","[-0.0020791934803128242,-0.003776578465476632,0.028244001790881157]","[-0.08399199694395065,-0.6976379752159119,9.796219825744629]",0.1381633,1354.000,"[0.0,0.0,0.0,0.0]","[0.0,0.0,0.0,0.0,0.0,0.0,0.0,0.0]","[0.0,0.0,0.0,0.0,0.0,0.0,0.0,0.0]",255,1,1
2026-08-11T13:22:44.761243+00:00,1241960.227498,cycle_1_neutral_before,0.0000000,0.0000000,0.0000000,0.0000000,,,0,1,1,1,0,1,0.000000,26539,1327000,1,0,1,1,0,1,0,2813766062,3,63226,1241960124,4510,0,-1.9072818,0.0270100,"[0.5784341096878052,-0.018199989572167397,0.030952977016568184,-0.8149384260177612]","[-0.0020736607257276773,-0.0031681566033512354,0.027010036632418633]","[-0.07690399885177612,-0.7022989988327026,9.80836296081543]",0.1381633,1354.000,"[0.0,0.0,0.0,0.0]","[0.0,0.0,0.0,0.0,0.0,0.0,0.0,0.0]","[0.0,0.0,0.0,0.0,0.0,0.0,0.0,0.0]",255,1,1
2026-08-11T13:22:44.813392+00:00,1241960.279616,cycle_1_neutral_before,0.0000000,0.0000000,0.0000000,0.0000000,,,0,1,1,1,0,1,0.000000,26540,1327050,1,0,1,1,0,1,0,2813766062,4,61017,1241960176,4511,0,-1.9060260,0.0269621,"[0.5789439678192139,-0.018271982669830322,0.030914966017007828,-0.8145761489868164]","[-0.003278129966929555,-0.0008728740504011512,0.02696210704743862]","[-0.10948299616575241,-0.6915670037269592,9.818225860595703]",0.1494898,1465.000,"[0.0,0.0,0.0,0.0]","[0.0,0.0,0.0,0.0,0.0,0.0,0.0,0.0]","[0.0,0.0,0.0,0.0,0.0,0.0,0.0,0.0]",254,1,1
2026-08-11T13:22:44.865592+00:00,1241960.331902,cycle_1_neutral_before,0.0000000,0.0000000,0.0000000,0.0000000,,,0,1,1,1,0,1,0.000000,26541,1327100,1,0,1,1,0,1,0,2813766062,5,23423,1241960228,4512,0,-1.9047420,0.0269805,"[0.5794658064842224,-0.01832299679517746,0.030890993773937225,-0.8142048120498657]","[-0.0032843605149537325,-0.0019126016413792968,0.02698053978383541]","[-0.12704800069332123,-0.6944490075111389,9.834057807922363]",0.1494898,1465.000,"[0.0,0.0,0.0,0.0]","[0.0,0.0,0.0,0.0,0.0,0.0,0.0,0.0]","[0.0,0.0,0.0,0.0,0.0,0.0,0.0,0.0]",255,1,1
2026-08-11T13:22:44.917423+00:00,1241960.384046,cycle_1_neutral_before,0.0000000,0.0000000,0.0000000,0.0000000,,,0,1,1,1,0,1,0.000000,26542,1327150,1,0,1,1,0,1,0,2813766062,6,48527,1241960280,4513,0,-1.9034463,0.0269474,"[0.5799923539161682,-0.018364986404776573,0.030876975506544113,-0.8138293623924255]","[-0.0032731557730585337,-4.108505163458176e-05,0.02694736048579216]","[-0.12472599744796753,-0.7015659809112549,9.841386795043945]",0.1509184,1479.000,"[0.0,0.0,0.0,0.0]","[0.0,0.0,0.0,0.0,0.0,0.0,0.0,0.0]","[0.0,0.0,0.0,0.0,0.0,0.0,0.0,0.0]",254,1,1
2026-08-11T13:22:44.968807+00:00,1241960.435756,cycle_1_neutral_before,0.0000000,0.0000000,0.0000000,0.0000000,,,0,1,1,1,0,1,0.000000,26543,1327200,1,0,1,1,0,1,0,2813766062,7,313,1241960333,4514,0,-1.9021215,0.0281703,"[0.5805312395095825,-0.01838798262178898,0.030855974182486534,-0.8134453296661377]","[-0.0014439806109294295,0.000586360867600888,0.028170278295874596]","[-0.12230300158262253,-0.6992809772491455,9.834184646606445]",0.1509184,1479.000,"[0.0,0.0,0.0,0.0]","[0.0,0.0,0.0,0.0,0.0,0.0,0.0,0.0]","[0.0,0.0,0.0,0.0,0.0,0.0,0.0,0.0]",255,1,1
2026-08-11T13:22:45.021181+00:00,1241960.487043,cycle_1_active,0.0000000,0.0000000,0.0000000,0.0000000,8,0.0500000,1,1,1,1,0,1,0.000000,26545,1327300,1,0,1,1,0,1,0,2813766062,9,63470,1241960436,4516,0,-1.8994058,0.0293858,"[0.5816370844841003,-0.018375994637608528,0.030871989205479622,-0.8126546740531921]","[-0.0008329584379680455,0.0012216956820338964,0.02938581444323063]","[-0.10631100088357925,-0.696465015411377,9.813535690307617]",0.1594898,1563.000,"[0.0,0.0,0.0,0.0]","[0.0,0.0,0.0,0.0,0.0,0.0,0.0,0.0]","[0.0,0.0,0.0,0.0,0.0,0.0,0.0,0.0]",254,1,1
2026-08-11T13:22:45.073333+00:00,1241960.539486,cycle_1_active,0.0000000,0.0000000,0.0000000,0.0000000,8,0.0500000,1,1,1,1,1,1,0.000000,26546,1327350,2,1,1,1,0,1,0,2813766062,10,51483,1241960488,4517,0,-1.8980393,0.0281555,"[0.5821934342384338,-0.01835698075592518,0.030852969735860825,-0.8122572898864746]","[-0.0032699964940547943,0.0008061152184382081,0.028155513107776642]","[-0.045779999345541,-0.6873660087585449,9.79810619354248]",0.1669388,1636.000,"[8.0,0.05000000074505806,0.0,0.0]","[0.0,0.0,0.0,0.0,0.0,0.0,0.0,0.05000000074505806]","[0.0,0.0,0.0,0.0,0.0,0.0,0.0,325.0]",254,1,1
2026-08-11T13:22:45.125590+00:00,1241960.591809,cycle_1_active,0.0000000,0.0000000,0.0000000,0.0000000,8,0.0500000,1,1,1,1,1,1,0.000000,26547,1327400,2,1,1,1,0,1,0,2813766062,11,25870,1241960540,4518,0,-1.8974432,0.0325200,"[0.5824326872825623,-0.018454987555742264,0.030905980616807938,-0.812081515789032]","[-0.041145455092191696,-0.016571516171097755,0.03252002224326134]","[-0.001711999997496605,-0.5924100279808044,9.622901916503906]",0.1669388,1636.000,"[8.0,0.05000000074505806,0.0,0.0]","[0.0,0.0,0.0,0.0,0.0,0.0,0.0,0.05000000074505806]","[0.0,0.0,0.0,0.0,0.0,0.0,0.0,1225.0]",127,1,1
2026-08-11T13:22:45.177779+00:00,1241960.644093,cycle_1_active,0.0000000,0.0000000,0.0000000,0.0000000,8,0.0500000,1,1,1,1,1,1,0.000000,26548,1327450,2,1,1,1,0,1,0,2813766062,12,1687,1241960593,4519,0,-1.8943882,0.0374982,"[0.5835126638412476,-0.022943979129195213,0.03391297161579132,-0.8110712170600891]","[-0.2004789561033249,-0.07474807649850845,0.03749823942780495]","[-0.03637000173330307,-0.7688609957695007,9.716254234313965]",0.1985714,1946.000,"[8.0,0.05000000074505806,0.0,0.0]","[0.0,0.0,0.0,0.0,0.0,0.0,0.0,0.05000000074505806]","[0.0,0.0,0.0,0.0,0.0,0.0,0.0,1250.0]",255,1,1
2026-08-11T13:22:45.229846+00:00,1241960.696254,cycle_1_active,0.0000000,0.0000000,0.0000000,0.0000000,8,0.0500000,1,1,1,1,1,1,0.000000,26549,1327500,2,1,1,1,0,1,0,2813766062,13,49435,1241960645,4520,0,-1.8923026,0.0343967,"[0.5841542482376099,-0.027674976736307144,0.03713297098875046,-0.8103203177452087]","[-0.20961444079875946,-0.07535146921873093,0.03439665213227272]","[0.0006949999951757491,-0.9365320205688477,9.776719093322754]",0.1985714,1946.000,"[8.0,0.05000000074505806,0.0,0.0]","[0.0,0.0,0.0,0.0,0.0,0.0,0.0,0.05000000074505806]","[0.0,0.0,0.0,0.0,0.0,0.0,0.0,725.0]",255,1,1
2026-08-11T13:22:45.281993+00:00,1241960.748285,cycle_1_active,0.0000000,0.0000000,0.0000000,0.0000000,8,0.0500000,1,1,1,1,1,1,0.000000,26550,1327550,2,1,1,1,0,1,0,2813766062,14,61657,1241960697,4521,0,-1.8904498,0.0295422,"[0.5846862196922302,-0.0320189893245697,0.040045980364084244,-0.8096376657485962]","[-0.18154442310333252,-0.06810799986124039,0.029542213305830956]","[0.01948300004005432,-1.0165480375289917,9.742128372192383]",0.1985714,1946.000,"[8.0,0.05000000074505806,0.0,0.0]","[0.0,0.0,0.0,0.0,0.0,0.0,0.0,0.05000000074505806]","[0.0,0.0,0.0,0.0,0.0,0.0,0.0,650.0]",255,1,1
2026-08-11T13:22:45.333547+00:00,1241960.800490,cycle_1_active,0.0000000,0.0000000,0.0000000,0.0000000,8,0.0500000,1,1,1,1,1,1,0.000000,26551,1327600,2,1,1,1,0,1,0,2813766062,15,17919,1241960749,4522,0,-1.8887125,0.0271691,"[0.5851711630821228,-0.03586196154356003,0.04253294691443443,-0.8089991211891174]","[-0.16284847259521484,-0.06597205251455307,0.02716912142932415]","[0.09714700281620026,-1.092095971107483,9.703351974487305]",0.2908163,2850.000,"[8.0,0.05000000074505806,0.0,0.0]","[0.0,0.0,0.0,0.0,0.0,0.0,0.0,0.05000000074505806]","[0.0,0.0,0.0,0.0,0.0,0.0,0.0,637.5]",255,1,1
2026-08-11T13:22:45.385148+00:00,1241960.851841,cycle_1_active,0.0000000,0.0000000,0.0000000,0.0000000,8,0.0500000,1,1,1,1,1,1,0.000000,26552,1327650,2,1,1,1,0,1,0,2813766062,16,23886,1241960801,4523,0,-1.8871201,0.0260140,"[0.5855938196182251,-0.039400968700647354,0.04470197111368179,-0.8084114789962769]","[-0.14557677507400513,-0.06401946395635605,0.026013992726802826]","[0.14781299233436584,-1.1627470254898071,9.661795616149902]",0.2908163,2850.000,"[8.0,0.05000000074505806,0.0,0.0]","[0.0,0.0,0.0,0.0,0.0,0.0,0.0,0.05000000074505806]","[0.0,0.0,0.0,0.0,0.0,0.0,0.0,625.0]",255,1,1
2026-08-11T13:22:45.437332+00:00,1241960.903536,cycle_1_active,0.0000000,0.0000000,0.0000000,0.0000000,8,0.0500000,1,1,1,1,1,1,0.000000,26553,1327700,2,1,1,1,0,1,0,2813766062,17,35425,1241960852,4524,0,-1.8856403,0.0236274,"[0.5859730243682861,-0.04263295978307724,0.046517957001924515,-0.8078701496124268]","[-0.12667281925678253,-0.06105303391814232,0.023627394810318947]","[0.17845399677753448,-1.2351239919662476,9.658414840698242]",0.4135714,4053.000,"[8.0,0.05000000074505806,0.0,0.0]","[0.0,0.0,0.0,0.0,0.0,0.0,0.0,0.05000000074505806]","[0.0,0.0,0.0,0.0,0.0,0.0,0.0,625.0]",255,1,1
2026-08-11T13:22:45.489519+00:00,1241960.955809,cycle_1_active,0.0000000,0.0000000,0.0000000,0.0000000,8,0.0500000,1,1,1,1,1,1,0.000000,26554,1327750,2,1,1,1,0,1,0,2813766062,18,1800,1241960904,4525,0,-1.8843137,0.0187876,"[0.5863013863563538,-0.04550096392631531,0.047987960278987885,-0.8073893785476685]","[-0.10532142221927643,-0.05688551813364029,0.018787633627653122]","[0.20456700026988983,-1.2716189622879028,9.64006233215332]",0.4135714,4053.000,"[8.0,0.05000000074505806,0.0,0.0]","[0.0,0.0,0.0,0.0,0.0,0.0,0.0,0.05000000074505806]","[0.0,0.0,0.0,0.0,0.0,0.0,0.0,625.0]",254,1,1
2026-08-11T13:22:45.541580+00:00,1241961.007849,cycle_1_active,0.0000000,0.0000000,0.0000000,0.0000000,8,0.0500000,1,1,1,1,1,1,0.000000,26555,1327800,2,1,1,1,0,1,0,2813766062,19,59762,1241960957,4526,0,-1.8831328,0.0170309,"[0.5865886807441711,-0.047985952347517014,0.049075957387685776,-0.8069713115692139]","[-0.08520392328500748,-0.05454309284687042,0.017030905932188034]","[0.23055300116539001,-1.3272459506988525,9.62918472290039]",0.5621428,5509.000,"[8.0,0.05000000074505806,0.0,0.0]","[0.0,0.0,0.0,0.0,0.0,0.0,0.0,0.05000000074505806]","[0.0,0.0,0.0,0.0,0.0,0.0,0.0,612.5]",127,1,1
2026-08-11T13:22:45.593801+00:00,1241961.060079,cycle_1_active,0.0000000,0.0000000,0.0000000,0.0000000,8,0.0500000,1,1,1,1,1,1,0.000000,26556,1327850,2,1,1,1,0,1,0,2813766062,20,64226,1241961009,4527,0,-1.8820981,0.0127584,"[0.5868406295776367,-0.050072960555553436,0.04979395866394043,-0.806617259979248]","[-0.06383849680423737,-0.047872498631477356,0.012758375145494938]","[0.26385200023651123,-1.3466800451278687,9.62745475769043]",0.5621428,5509.000,"[8.0,0.05000000074505806,0.0,0.0]","[0.0,0.0,0.0,0.0,0.0,0.0,0.0,0.05000000074505806]","[0.0,0.0,0.0,0.0,0.0,0.0,0.0,625.0]",255,1,1
2026-08-11T13:22:45.646134+00:00,1241961.112320,cycle_1_active,0.0000000,0.0000000,0.0000000,0.0000000,8,0.0500000,1,1,1,1,1,1,0.000000,26557,1327900,2,1,1,1,0,1,0,2813766062,21,15726,1241961061,4528,0,-1.8812507,0.0103546,"[0.5870485901832581,-0.05171394720673561,0.05011695623397827,-0.8063423037528992]","[-0.039232295006513596,-0.04203152656555176,0.010354620404541492]","[0.29001298546791077,-1.375180959701538,9.60738468170166]",0.7354081,7207.000,"[8.0,0.05000000074505806,0.0,0.0]","[0.0,0.0,0.0,0.0,0.0,0.0,0.0,0.05000000074505806]","[0.0,0.0,0.0,0.0,0.0,0.0,0.0,625.0]",254,1,1
2026-08-11T13:22:45.698331+00:00,1241961.164596,cycle_1_active,0.0000000,0.0000000,0.0000000,0.0000000,8,0.0500000,1,1,1,1,1,1,0.000000,26558,1327950,2,1,1,1,0,1,0,2813766062,22,13817,1241961113,4529,0,-1.8805776,0.0104237,"[0.5872253179550171,-0.052864931523799896,0.050034940242767334,-0.8061440587043762]","[-0.014435390941798687,-0.03761664777994156,0.010423718020319939]","[0.32572901248931885,-1.3955860137939453,9.595301628112793]",0.7354081,7207.000,"[8.0,0.05000000074505806,0.0,0.0]","[0.0,0.0,0.0,0.0,0.0,0.0,0.0,0.05000000074505806]","[0.0,0.0,0.0,0.0,0.0,0.0,0.0,625.0]",255,1,1
2026-08-11T13:22:45.750589+00:00,1241961.216810,cycle_1_active,0.0000000,0.0000000,0.0000000,0.0000000,8,0.0500000,1,1,1,1,1,1,0.000000,26559,1328000,2,1,1,1,0,1,0,2813766062,22,13817,1241961113,4529,0,-1.8799797,0.0080077,"[0.5874154567718506,-0.053501952439546585,0.04955195635557175,-0.8059933185577393]","[0.012412818148732185,-0.030334467068314552,0.008007709868252277]","[0.3376930058002472,-1.3982670307159424,9.581085205078125]",0.9282653,9097.000,"[8.0,0.05000000074505806,0.0,0.0]","[0.0,0.0,0.0,0.0,0.0,0.0,0.0,0.05000000074505806]","[0.0,0.0,0.0,0.0,0.0,0.0,0.0,625.0]",255,1,1
2026-08-11T13:22:45.802325+00:00,1241961.269045,cycle_1_active,0.0000000,0.0000000,0.0000000,0.0000000,8,0.0500000,1,1,1,1,1,1,0.000000,26560,1328050,2,1,1,1,0,1,0,2813766062,23,62069,1241961165,4530,0,-1.8794959,0.0079932,"[0.5876016616821289,-0.05366096645593643,0.04867396876215935,-0.805900514125824]","[0.0356103740632534,-0.02175017260015011,0.007993240840733051]","[0.35672399401664734,-1.3981339931488037,9.595694541931152]",0.9282653,9097.000,"[8.0,0.05000000074505806,0.0,0.0]","[0.0,0.0,0.0,0.0,0.0,0.0,0.0,0.05000000074505806]","[0.0,0.0,0.0,0.0,0.0,0.0,0.0,612.5]",255,1,1
2026-08-11T13:22:45.853842+00:00,1241961.320661,cycle_1_active,0.0000000,0.0000000,0.0000000,0.0000000,8,0.0500000,1,1,1,1,1,1,0.000000,26561,1328100,2,1,1,1,0,1,0,2813766062,24,26518,1241961218,4531,0,-1.8790615,0.0055919,"[0.5878098011016846,-0.05334794893860817,0.04742095619440079,-0.805844247341156]","[0.057570960372686386,-0.016931893303990364,0.0055919308215379715]","[0.361642986536026,-1.3766549825668335,9.585841178894043]",1.1281632,11056.000,"[8.0,0.05000000074505806,0.0,0.0]","[0.0,0.0,0.0,0.0,0.0,0.0,0.0,0.05000000074505806]","[0.0,0.0,0.0,0.0,0.0,0.0,0.0,612.5]",254,1,1
2026-08-11T13:22:45.905556+00:00,1241961.372125,cycle_1_active,0.0000000,0.0000000,0.0000000,0.0000000,8,0.0500000,1,1,1,1,1,1,0.000000,26562,1328150,2,1,1,1,0,1,0,2813766062,25,58197,1241961269,4532,0,-1.8787249,0.0067880,"[0.5880155563354492,-0.05260295420885086,0.04586295410990715,-0.8058332204818726]","[0.07629511505365372,-0.009135105647146702,0.006788021884858608]","[0.3600960075855255,-1.3530529737472534,9.607865333557129]",1.1281632,11056.000,"[8.0,0.05000000074505806,0.0,0.0]","[0.0,0.0,0.0,0.0,0.0,0.0,0.0,0.05000000074505806]","[0.0,0.0,0.0,0.0,0.0,0.0,0.0,625.0]",255,1,1
2026-08-11T13:22:45.957493+00:00,1241961.423964,cycle_1_active,0.0000000,0.0000000,0.0000000,0.0000000,8,0.0500000,1,1,1,1,1,1,0.000000,26563,1328200,2,1,1,1,0,1,0,2813766062,26,28220,1241961321,4533,0,-1.8783947,0.0068349,"[0.5882503390312195,-0.05147697776556015,0.04401598498225212,-0.8058376312255859]","[0.09377548098564148,-0.005920715630054474,0.006834918633103371]","[0.37139400839805603,-1.3193800449371338,9.610697746276855]",1.1281632,11056.000,"[8.0,0.05000000074505806,0.0,0.0]","[0.0,0.0,0.0,0.0,0.0,0.0,0.0,0.05000000074505806]","[0.0,0.0,0.0,0.0,0.0,0.0,0.0,625.0]",255,1,1
2026-08-11T13:22:46.009453+00:00,1241961.475844,cycle_1_active,0.0000000,0.0000000,0.0000000,0.0000000,8,0.0500000,1,1,1,1,1,1,0.000000,26564,1328250,2,1,1,1,0,1,0,2813766062,27,11342,1241961373,4534,0,-1.8781382,0.0061892,"[0.5884764194488525,-0.05006895214319229,0.0419139601290226,-0.8058733344078064]","[0.10640149563550949,0.00022867303050588816,0.006189200095832348]","[0.3762890100479126,-1.2772929668426514,9.637320518493652]",1.3108163,12846.000,"[8.0,0.05000000074505806,0.0,0.0]","[0.0,0.0,0.0,0.0,0.0,0.0,0.0,0.05000000074505806]","[0.0,0.0,0.0,0.0,0.0,0.0,0.0,625.0]",255,1,1
2026-08-11T13:22:46.061555+00:00,1241961.527790,cycle_1_active,0.0000000,0.0000000,0.0000000,0.0000000,8,0.0500000,1,1,1,1,1,1,0.000000,26565,1328300,2,1,1,1,0,1,0,2813766062,28,13549,1241961425,4535,0,-1.8779540,0.0055705,"[0.5886911749839783,-0.048386961221694946,0.03967897221446037,-0.805932343006134]","[0.11617019772529602,0.0039010727778077126,0.005570497829467058]","[0.3766289949417114,-1.2147899866104126,9.63400650024414]",1.3108163,12846.000,"[8.0,0.05000000074505806,0.0,0.0]","[0.0,0.0,0.0,0.0,0.0,0.0,0.0,0.05000000074505806]","[0.0,0.0,0.0,0.0,0.0,0.0,0.0,625.0]",255,1,1
2026-08-11T13:22:46.113567+00:00,1241961.579949,cycle_1_active,0.0000000,0.0000000,0.0000000,0.0000000,8,0.0500000,1,1,1,1,1,1,0.000000,26566,1328350,2,1,1,1,0,1,0,2813766062,29,40509,1241961476,4536,0,-1.8778228,0.0055521,"[0.5888922810554504,-0.046539947390556335,0.03735996037721634,-0.8060051202774048]","[0.12227973341941833,0.006980933248996735,0.005552137270569801]","[0.3601889908313751,-1.1518440246582031,9.654481887817383]",1.4755101,14460.000,"[8.0,0.05000000074505806,0.0,0.0]","[0.0,0.0,0.0,0.0,0.0,0.0,0.0,0.05000000074505806]","[0.0,0.0,0.0,0.0,0.0,0.0,0.0,612.5]",255,1,1
2026-08-11T13:22:46.165030+00:00,1241961.631978,cycle_1_active,0.0000000,0.0000000,0.0000000,0.0000000,8,0.0500000,1,1,1,1,1,1,0.000000,26567,1328400,2,1,1,1,0,1,0,2813766062,30,15010,1241961529,4537,0,-1.8776801,0.0048891,"[0.5891010165214539,-0.04456394910812378,0.03499995917081833,-0.80607008934021]","[0.12290839105844498,0.010088492184877396,0.004889086354523897]","[0.37000998854637146,-1.0842069387435913,9.675189018249512]",1.4755101,14460.000,"[8.0,0.05000000074505806,0.0,0.0]","[0.0,0.0,0.0,0.0,0.0,0.0,0.0,0.05000000074505806]","[0.0,0.0,0.0,0.0,0.0,0.0,0.0,612.5]",255,1,1
2026-08-11T13:22:46.217034+00:00,1241961.683339,cycle_1_active,0.0000000,0.0000000,0.0000000,0.0000000,8,0.0500000,1,1,1,1,1,1,0.000000,26568,1328450,2,1,1,1,0,1,0,2813766062,31,64814,1241961581,4538,0,-1.8775872,0.0054797,"[0.5892456769943237,-0.04310298338532448,0.033348992466926575,-0.8061138391494751]","[0.12311799824237823,0.011342581361532211,0.005479653365910053]","[0.34408798813819885,-1.036236047744751,9.657392501831055]",1.5651021,15338.000,"[8.0,0.05000000074505806,0.0,0.0]","[0.0,0.0,0.0,0.0,0.0,0.0,0.0,0.05000000074505806]","[0.0,0.0,0.0,0.0,0.0,0.0,0.0,625.0]",255,1,1
2026-08-11T13:22:46.269227+00:00,1241961.735504,cycle_1_active,0.0000000,0.0000000,0.0000000,0.0000000,8,0.0500000,1,1,1,1,1,1,0.000000,26569,1328500,2,1,1,1,0,1,0,2813766062,32,40605,1241961632,4539,0,-1.8774554,0.0053272,"[0.5894883275032043,-0.04037798196077347,0.030439989641308784,-0.8061926364898682]","[0.11625233292579651,0.017625557258725166,0.005327198654413223]","[0.3155600130558014,-0.9577749967575073,9.744668006896973]",1.5651021,15338.000,"[8.0,0.05000000074505806,0.0,0.0]","[0.0,0.0,0.0,0.0,0.0,0.0,0.0,0.05000000074505806]","[0.0,0.0,0.0,0.0,0.0,0.0,0.0,625.0]",255,1,1
2026-08-11T13:22:46.322049+00:00,1241961.787689,cycle_1_active,0.0000000,0.0000000,0.0000000,0.0000000,8,0.0500000,1,1,1,1,1,1,0.000000,26571,1328600,2,1,1,1,0,1,0,2813766062,34,52555,1241961736,4541,0,-1.8771851,0.0087266,"[0.5898556113243103,-0.03629099205136299,0.026639996096491814,-0.8062528967857361]","[0.09558652341365814,0.025915486738085747,0.008726576343178749]","[0.2924390137195587,-0.8230379819869995,9.73762321472168]",1.6111225,15789.000,"[8.0,0.05000000074505806,0.0,0.0]","[0.0,0.0,0.0,0.0,0.0,0.0,0.0,0.05000000074505806]","[0.0,0.0,0.0,0.0,0.0,0.0,0.0,625.0]",255,1,1
2026-08-11T13:22:46.374027+00:00,1241961.840492,cycle_1_active,0.0000000,0.0000000,0.0000000,0.0000000,8,0.0500000,1,1,1,1,1,1,0.000000,26572,1328650,2,1,1,1,0,1,0,2813766062,35,9009,1241961789,4542,0,-1.8770027,0.0085901,"[0.5900270938873291,-0.03459397703409195,0.025323981419205666,-0.8062443733215332]","[0.08342593908309937,0.029529262334108353,0.00859005656093359]","[0.2642279863357544,-0.7721899747848511,9.697369575500488]",1.6205101,15881.000,"[8.0,0.05000000074505806,0.0,0.0]","[0.0,0.0,0.0,0.0,0.0,0.0,0.0,0.05000000074505806]","[0.0,0.0,0.0,0.0,0.0,0.0,0.0,612.5]",240,1,1
2026-08-11T13:22:46.426194+00:00,1241961.892454,cycle_1_active,0.0000000,0.0000000,0.0000000,0.0000000,8,0.0500000,1,1,1,1,1,1,0.000000,26573,1328700,2,1,1,1,0,1,0,2813766062,36,15250,1241961841,4543,0,-1.8768493,0.0097723,"[0.5901390910148621,-0.033688001334667206,0.02470500022172928,-0.8062199950218201]","[0.07550351321697235,0.02917991578578949,0.009772324934601784]","[0.2811039984226227,-0.7492589950561523,9.681234359741211]",1.6205101,15881.000,"[8.0,0.05000000074505806,0.0,0.0]","[0.0,0.0,0.0,0.0,0.0,0.0,0.0,0.05000000074505806]","[0.0,0.0,0.0,0.0,0.0,0.0,0.0,612.5]",255,1,1
2026-08-11T13:22:46.478375+00:00,1241961.944646,cycle_1_active,0.0000000,0.0000000,0.0000000,0.0000000,8,0.0500000,1,1,1,1,1,1,0.000000,26574,1328750,2,1,1,1,0,1,0,2813766062,37,4729,1241961893,4544,0,-1.8762382,0.0131347,"[0.5905203819274902,-0.031081976369023323,0.02346997894346714,-0.8060823678970337]","[0.04569518193602562,0.036489129066467285,0.013134737499058247]","[0.2211800068616867,-0.7206429839134216,9.803263664245605]",1.6205101,15881.000,"[8.0,0.05000000074505806,0.0,0.0]","[0.0,0.0,0.0,0.0,0.0,0.0,0.0,0.05000000074505806]","[0.0,0.0,0.0,0.0,0.0,0.0,0.0,612.5]",254,1,1
2026-08-11T13:22:46.530109+00:00,1241961.996848,cycle_1_active,0.0000000,0.0000000,0.0000000,0.0000000,8,0.0500000,1,1,1,1,1,1,0.000000,26575,1328800,2,1,1,1,0,1,0,2813766062,38,62601,1241961945,4545,0,-1.8757688,0.0141731,"[0.5907742381095886,-0.029728977009654045,0.023228980600833893,-0.8059543371200562]","[0.027445651590824127,0.04078148677945137,0.014173121191561222]","[0.18071599304676056,-0.6986740231513977,9.811270713806152]",1.5879591,15562.000,"[8.0,0.05000000074505806,0.0,0.0]","[0.0,0.0,0.0,0.0,0.0,0.0,0.0,0.05000000074505806]","[0.0,0.0,0.0,0.0,0.0,0.0,0.0,625.0]",254,1,1
2026-08-11T13:22:46.582215+00:00,1241962.048449,cycle_1_active,0.0000000,0.0000000,0.0000000,0.0000000,8,0.0500000,1,1,1,1,1,1,0.000000,26576,1328850,2,1,1,1,0,1,0,2813766062,39,14390,1241961997,4546,0,-1.8752141,0.0164639,"[0.5910496711730957,-0.028576983138918877,0.02341998554766178,-0.805788516998291]","[0.009184376336634159,0.04342569783329964,0.016463883221149445]","[0.16163499653339386,-0.6985859870910645,9.811050415039062]",1.5879591,15562.000,"[8.0,0.05000000074505806,0.0,0.0]","[0.0,0.0,0.0,0.0,0.0,0.0,0.0,0.05000000074505806]","[0.0,0.0,0.0,0.0,0.0,0.0,0.0,625.0]",254,1,1
2026-08-11T13:22:46.634327+00:00,1241962.100586,cycle_1_active,0.0000000,0.0000000,0.0000000,0.0000000,8,0.0500000,1,1,1,1,1,1,0.000000,26577,1328900,2,1,1,1,0,1,0,2813766062,40,8347,1241962049,4547,0,-1.8746376,0.0163052,"[0.5913223028182983,-0.027629977092146873,0.024037979543209076,-0.8056033253669739]","[-0.007851346395909786,0.04665502533316612,0.01630518026649952]","[0.13763000071048737,-0.7125779986381531,9.83257007598877]",1.5285714,14980.000,"[8.0,0.05000000074505806,0.0,0.0]","[0.0,0.0,0.0,0.0,0.0,0.0,0.0,0.05000000074505806]","[0.0,0.0,0.0,0.0,0.0,0.0,0.0,625.0]",255,1,1
2026-08-11T13:22:46.686636+00:00,1241962.152841,cycle_1_active,0.0000000,0.0000000,0.0000000,0.0000000,8,0.0500000,1,1,1,1,1,1,0.000000,26578,1328950,2,1,1,1,0,1,0,2813766062,41,23484,1241962101,4548,0,-1.8739593,0.0198004,"[0.5916253328323364,-0.026893967762589455,0.02501196786761284,-0.8053760528564453]","[-0.027328889816999435,0.0499463714659214,0.019800428301095963]","[0.11378700286149979,-0.7174260020256042,9.822772026062012]",1.5285714,14980.000,"[8.0,0.05000000074505806,0.0,0.0]","[0.0,0.0,0.0,0.0,0.0,0.0,0.0,0.05000000074505806]","[0.0,0.0,0.0,0.0,0.0,0.0,0.0,625.0]",255,1,1
2026-08-11T13:22:46.738334+00:00,1241962.205099,cycle_1_active,0.0000000,0.0000000,0.0000000,0.0000000,8,0.0500000,1,1,1,1,1,1,0.000000,26579,1329000,2,1,1,1,0,1,0,2813766062,42,51030,1241962154,4549,0,-1.8732749,0.0191593,"[0.5919202566146851,-0.026388978585600853,0.02631998062133789,-0.8051343560218811]","[-0.03952464088797569,0.047521963715553284,0.019159335643053055]","[0.09463000297546387,-0.7366909980773926,9.815638542175293]",1.4492856,14203.000,"[8.0,0.05000000074505806,0.0,0.0]","[0.0,0.0,0.0,0.0,0.0,0.0,0.0,0.05000000074505806]","[0.0,0.0,0.0,0.0,0.0,0.0,0.0,625.0]",255,1,1
2026-08-11T13:22:46.790464+00:00,1241962.256671,cycle_1_active,0.0000000,0.0000000,0.0000000,0.0000000,8,0.0500000,1,1,1,1,1,1,0.000000,26580,1329050,2,1,1,1,0,1,0,2813766062,43,38055,1241962205,4550,0,-1.8725457,0.0209124,"[0.5922232866287231,-0.026115989312529564,0.027915986254811287,-0.80486661195755]","[-0.055368583649396896,0.046815577894449234,0.02091241255402565]","[0.06187000125646591,-0.7547010183334351,9.833918571472168]",1.4492856,14203.000,"[8.0,0.05000000074505806,0.0,0.0]","[0.0,0.0,0.0,0.0,0.0,0.0,0.0,0.05000000074505806]","[0.0,0.0,0.0,0.0,0.0,0.0,0.0,625.0]",255,1,1
2026-08-11T13:22:46.842679+00:00,1241962.308941,cycle_1_active,0.0000000,0.0000000,0.0000000,0.0000000,8,0.0500000,1,1,1,1,1,1,0.000000,26581,1329100,2,1,1,1,0,1,0,2813766062,44,65198,1241962257,4551,0,-1.8717905,0.0208533,"[0.5925275683403015,-0.026065975427627563,0.0297829732298851,-0.8045772910118103]","[-0.06633461266756058,0.04647047072649002,0.020853299647569656]","[0.010831000283360481,-0.7816789746284485,9.836925506591797]",1.3795918,13520.000,"[8.0,0.05000000074505806,0.0,0.0]","[0.0,0.0,0.0,0.0,0.0,0.0,0.0,0.05000000074505806]","[0.0,0.0,0.0,0.0,0.0,0.0,0.0,625.0]",255,1,1
2026-08-11T13:22:46.894882+00:00,1241962.361141,cycle_1_active,0.0000000,0.0000000,0.0000000,0.0000000,8,0.0500000,1,1,1,1,1,1,0.000000,26582,1329150,2,1,1,1,0,1,0,2813766062,45,50886,1241962310,4552,0,-1.8709708,0.0214794,"[0.5928496718406677,-0.026214974001049995,0.0318179689347744,-0.8042572140693665]","[-0.07488513737916946,0.04279021918773651,0.021479401737451553]","[-0.025102999061346054,-0.8128209710121155,9.834574699401855]",1.3795918,13520.000,"[8.0,0.05000000074505806,0.0,0.0]","[0.0,0.0,0.0,0.0,0.0,0.0,0.0,0.05000000074505806]","[0.0,0.0,0.0,0.0,0.0,0.0,0.0,625.0]",255,1,1
2026-08-11T13:22:46.947053+00:00,1241962.413327,cycle_1_active,0.0000000,0.0000000,0.0000000,0.0000000,8,0.0500000,1,1,1,1,1,1,0.000000,26583,1329200,2,1,1,1,0,1,0,2813766062,46,63236,1241962362,4553,0,-1.8701168,0.0232842,"[0.5931798815727234,-0.02650698460638523,0.0339609757065773,-0.8039165139198303]","[-0.07976053655147552,0.04284481704235077,0.02328421175479889]","[-0.04431099817156792,-0.8367869853973389,9.83470630645752]",1.2977551,12718.000,"[8.0,0.05000000074505806,0.0,0.0]","[0.0,0.0,0.0,0.0,0.0,0.0,0.0,0.05000000074505806]","[0.0,0.0,0.0,0.0,0.0,0.0,0.0,625.0]",255,1,1
2026-08-11T13:22:46.998531+00:00,1241962.465532,cycle_1_active,0.0000000,0.0000000,0.0000000,0.0000000,8,0.0500000,1,1,1,1,1,1,0.000000,26584,1329250,2,1,1,1,0,1,0,2813766062,47,57071,1241962414,4554,0,-1.8691939,0.0239214,"[0.5935328602790833,-0.02691098116338253,0.03618297353386879,-0.8035454750061035]","[-0.08465281873941422,0.03976479545235634,0.023921415209770203]","[-0.06126200035214424,-0.8897380232810974,9.828092575073242]",1.2977551,12718.000,"[8.0,0.05000000074505806,0.0,0.0]","[0.0,0.0,0.0,0.0,0.0,0.0,0.0,0.05000000074505806]","[0.0,0.0,0.0,0.0,0.0,0.0,0.0,625.0]",255,1,1
2026-08-11T13:22:47.050583+00:00,1241962.516840,cycle_1_active,0.0000000,0.0000000,0.0000000,0.0000000,8,0.0500000,1,1,1,1,1,1,0.000000,26585,1329300,2,1,1,1,0,1,0,2813766062,47,57071,1241962414,4554,0,-1.8682479,0.0233505,"[0.5938912630081177,-0.027405979111790657,0.03843297064304352,-0.8031594157218933]","[-0.08588625490665436,0.03706163167953491,0.02335049957036972]","[-0.08358199894428253,-0.918088972568512,9.802664756774902]",1.2244897,12000.000,"[8.0,0.05000000074505806,0.0,0.0]","[0.0,0.0,0.0,0.0,0.0,0.0,0.0,0.05000000074505806]","[0.0,0.0,0.0,0.0,0.0,0.0,0.0,625.0]",255,1,1
2026-08-11T13:22:47.102825+00:00,1241962.569049,cycle_1_active,0.0000000,0.0000000,0.0000000,0.0000000,8,0.0500000,1,1,1,1,1,1,0.000000,26586,1329350,2,1,1,1,0,1,0,2813766062,48,50782,1241962466,4555,0,-1.8672882,0.0254182,"[0.5942540764808655,-0.027918988838791847,0.04063798487186432,-0.8027647137641907]","[-0.08345790952444077,0.03623982518911362,0.02541819028556347]","[-0.09174499660730362,-0.9548619985580444,9.80790901184082]",1.2244897,12000.000,"[8.0,0.05000000074505806,0.0,0.0]","[0.0,0.0,0.0,0.0,0.0,0.0,0.0,0.05000000074505806]","[0.0,0.0,0.0,0.0,0.0,0.0,0.0,625.0]",255,1,1
2026-08-11T13:22:47.154812+00:00,1241962.621325,cycle_1_active,0.0000000,0.0000000,0.0000000,0.0000000,8,0.0500000,1,1,1,1,1,1,0.000000,26587,1329400,2,1,1,1,0,1,0,2813766062,49,13357,1241962518,4556,0,-1.8662688,0.0259106,"[0.59464031457901,-0.0284429881721735,0.04274798184633255,-0.802350640296936]","[-0.08104581385850906,0.032278239727020264,0.025910634547472]","[-0.1189740002155304,-1.000635027885437,9.795477867126465]",1.2244897,12000.000,"[8.0,0.05000000074505806,0.0,0.0]","[0.0,0.0,0.0,0.0,0.0,0.0,0.0,0.05000000074505806]","[0.0,0.0,0.0,0.0,0.0,0.0,0.0,625.0]",255,1,1
2026-08-11T13:22:47.206772+00:00,1241962.673215,cycle_1_active,0.0000000,0.0000000,0.0000000,0.0000000,8,0.0500000,1,1,1,1,1,1,0.000000,26588,1329450,2,1,1,1,0,1,0,2813766062,50,47428,1241962570,4557,0,-1.8652380,0.0260139,"[0.5950317978858948,-0.0289439857006073,0.044690970331430435,-0.8019365072250366]","[-0.07314635068178177,0.02910790406167507,0.026013940572738647]","[-0.1453160047531128,-1.0271199941635132,9.785967826843262]",1.1581632,11350.000,"[8.0,0.05000000074505806,0.0,0.0]","[0.0,0.0,0.0,0.0,0.0,0.0,0.0,0.05000000074505806]","[0.0,0.0,0.0,0.0,0.0,0.0,0.0,625.0]",255,1,1
2026-08-11T13:22:47.258962+00:00,1241962.725241,cycle_1_active,0.0000000,0.0000000,0.0000000,0.0000000,8,0.0500000,1,1,1,1,1,1,0.000000,26589,1329500,2,1,1,1,0,1,0,2813766062,51,49763,1241962622,4558,0,-1.8641800,0.0273586,"[0.5954369306564331,-0.02938096597790718,0.04644395038485527,-0.8015201687812805]","[-0.06403426826000214,0.025321273133158684,0.02735859341919422]","[-0.1502400040626526,-1.0559630393981934,9.786334991455078]",1.1581632,11350.000,"[8.0,0.05000000074505806,0.0,0.0]","[0.0,0.0,0.0,0.0,0.0,0.0,0.0,0.05000000074505806]","[0.0,0.0,0.0,0.0,0.0,0.0,0.0,625.0]",255,1,1
2026-08-11T13:22:47.311165+00:00,1241962.777429,cycle_1_active,0.0000000,0.0000000,0.0000000,0.0000000,8,0.0500000,1,1,1,1,1,1,0.000000,26590,1329550,2,1,1,1,0,1,0,2813766062,52,13479,1241962674,4559,0,-1.8631567,0.0238153,"[0.5958296656608582,-0.02977997250854969,0.04792596027255058,-0.8011263012886047]","[-0.054305847734212875,0.021469034254550934,0.02381531521677971]","[-0.16713100671768188,-1.0894880294799805,9.791431427001953]",1.0984694,10765.000,"[8.0,0.05000000074505806,0.0,0.0]","[0.0,0.0,0.0,0.0,0.0,0.0,0.0,0.05000000074505806]","[0.0,0.0,0.0,0.0,0.0,0.0,0.0,625.0]",255,1,1
2026-08-11T13:22:47.363355+00:00,1241962.829620,cycle_1_active,0.0000000,0.0000000,0.0000000,0.0000000,8,0.0500000,1,1,1,1,1,1,0.000000,26591,1329600,2,1,1,1,0,1,0,2813766062,53,62251,1241962726,4560,0,-1.8622258,0.0223545,"[0.5961886048316956,-0.03010099194943905,0.049119994044303894,-0.800774872303009]","[-0.04337473213672638,0.015555160120129585,0.022354474291205406]","[-0.15758800506591797,-1.117427945137024,9.750372886657715]",1.0984694,10765.000,"[8.0,0.05000000074505806,0.0,0.0]","[0.0,0.0,0.0,0.0,0.0,0.0,0.0,0.05000000074505806]","[0.0,0.0,0.0,0.0,0.0,0.0,0.0,625.0]",127,1,1
2026-08-11T13:22:47.415702+00:00,1241962.881882,cycle_1_active,0.0000000,0.0000000,0.0000000,0.0000000,8,0.0500000,1,1,1,1,1,1,0.000000,26592,1329650,2,1,1,1,0,1,0,2813766062,54,26481,1241962778,4561,0,-1.8613274,0.0204713,"[0.5965378880500793,-0.030344992876052856,0.05001898109912872,-0.800449788570404]","[-0.029996715486049652,0.01128397323191166,0.020471280440688133]","[-0.13609099388122559,-1.134063959121704,9.718079566955566]",1.0420408,10212.000,"[8.0,0.05000000074505806,0.0,0.0]","[0.0,0.0,0.0,0.0,0.0,0.0,0.0,0.05000000074505806]","[0.0,0.0,0.0,0.0,0.0,0.0,0.0,612.5]",255,1,1
2026-08-11T13:22:47.467849+00:00,1241962.934124,cycle_1_active,0.0000000,0.0000000,0.0000000,0.0000000,8,0.0500000,1,1,1,1,1,1,0.000000,26593,1329700,2,1,1,1,0,1,0,2813766062,55,41213,1241962830,4562,0,-1.8605177,0.0175911,"[0.5968561768531799,-0.0304889939725399,0.050544995814561844,-0.8001739382743835]","[-0.015403980389237404,0.006160296965390444,0.017591122537851334]","[-0.15281200408935547,-1.1486400365829468,9.703709602355957]",1.0420408,10212.000,"[8.0,0.05000000074505806,0.0,0.0]","[0.0,0.0,0.0,0.0,0.0,0.0,0.0,0.05000000074505806]","[0.0,0.0,0.0,0.0,0.0,0.0,0.0,625.0]",255,1,1
2026-08-11T13:22:47.520116+00:00,1241962.986339,cycle_1_active,0.0000000,0.0000000,0.0000000,0.0000000,8,0.0500000,1,1,1,1,1,1,0.000000,26594,1329750,2,1,1,1,0,1,0,2813766062,56,50026,1241962883,4563,0,-1.8597524,0.0159707,"[0.5971606969833374,-0.030543982982635498,0.050704970955848694,-0.7999345064163208]","[-0.0020461715757846832,-0.0014354460872709751,0.01597072184085846]","[-0.1480329930782318,-1.1486979722976685,9.701366424560547]",0.9925510,9727.000,"[8.0,0.05000000074505806,0.0,0.0]","[0.0,0.0,0.0,0.0,0.0,0.0,0.0,0.05000000074505806]","[0.0,0.0,0.0,0.0,0.0,0.0,0.0,625.0]",255,1,1
2026-08-11T13:22:47.573288+00:00,1241963.038646,cycle_1_active,0.0000000,0.0000000,0.0000000,0.0000000,8,0.0500000,1,1,1,1,1,1,0.000000,26596,1329850,2,1,1,1,0,1,0,2813766062,58,13604,1241962987,4565,0,-1.8584834,0.0114001,"[0.5976738929748535,-0.03044998086988926,0.05004196986556053,-0.7995965480804443]","[0.021655680611729622,-0.011631990782916546,0.0114000728353858]","[-0.16234800219535828,-1.1363120079040527,9.720211029052734]",0.9492857,9303.000,"[8.0,0.05000000074505806,0.0,0.0]","[0.0,0.0,0.0,0.0,0.0,0.0,0.0,0.05000000074505806]","[0.0,0.0,0.0,0.0,0.0,0.0,0.0,625.0]",255,1,1
2026-08-11T13:22:47.624703+00:00,1241963.091723,cycle_1_active,0.0000000,0.0000000,0.0000000,0.0000000,8,0.0500000,1,1,1,1,1,1,0.000000,26597,1329900,2,1,1,1,0,1,0,2813766062,59,44071,1241963040,4566,0,-1.8579522,0.0091326,"[0.5978922247886658,-0.030325964093208313,0.049234941601753235,-0.7994880676269531]","[0.032788559794425964,-0.01797334849834442,0.009132558479905128]","[-0.12561899423599243,-1.1363389492034912,9.677453994750977]",0.9492857,9303.000,"[8.0,0.05000000074505806,0.0,0.0]","[0.0,0.0,0.0,0.0,0.0,0.0,0.0,0.05000000074505806]","[0.0,0.0,0.0,0.0,0.0,0.0,0.0,637.5]",255,1,1
2026-08-11T13:22:47.676705+00:00,1241963.142982,cycle_1_active,0.0000000,0.0000000,0.0000000,0.0000000,8,0.0500000,1,1,1,1,1,1,0.000000,26598,1329950,2,1,1,1,0,1,0,2813766062,60,41015,1241963092,4567,0,-1.8574798,0.0080449,"[0.59808748960495,-0.03018798492848873,0.04817897453904152,-0.7994115948677063]","[0.040475599467754364,-0.023029323667287827,0.008044903166592121]","[-0.0785370022058487,-1.123363971710205,9.649019241333008]",0.9116327,8934.000,"[8.0,0.05000000074505806,0.0,0.0]","[0.0,0.0,0.0,0.0,0.0,0.0,0.0,0.05000000074505806]","[0.0,0.0,0.0,0.0,0.0,0.0,0.0,625.0]",255,1,1
2026-08-11T13:22:47.728901+00:00,1241963.195178,cycle_1_active,0.0000000,0.0000000,0.0000000,0.0000000,8,0.0500000,1,1,1,1,1,1,0.000000,26599,1330000,2,1,1,1,0,1,0,2813766062,61,25403,1241963144,4568,0,-1.8570472,0.0063212,"[0.5982702374458313,-0.029976973310112953,0.04687396436929703,-0.7993603348731995]","[0.04776495322585106,-0.026842694729566574,0.006321216467767954]","[-0.06645800173282623,-1.0945550203323364,9.648734092712402]",0.9116327,8934.000,"[8.0,0.05000000074505806,0.0,0.0]","[0.0,0.0,0.0,0.0,0.0,0.0,0.0,0.05000000074505806]","[0.0,0.0,0.0,0.0,0.0,0.0,0.0,612.5]",255,1,1
2026-08-11T13:22:47.781120+00:00,1241963.247383,cycle_1_active,0.0000000,0.0000000,0.0000000,0.0000000,8,0.0500000,1,1,1,1,1,1,0.000000,26600,1330050,2,1,1,1,0,1,0,2813766062,62,47134,1241963196,4569,0,-1.8566844,0.0058204,"[0.5984245538711548,-0.029771972447633743,0.04538795351982117,-0.7993382215499878]","[0.05505248159170151,-0.030640650540590286,0.005820446647703648]","[-0.05683699995279312,-1.067883014678955,9.665244102478027]",0.8869388,8692.000,"[8.0,0.05000000074505806,0.0,0.0]","[0.0,0.0,0.0,0.0,0.0,0.0,0.0,0.05000000074505806]","[0.0,0.0,0.0,0.0,0.0,0.0,0.0,625.0]",255,1,1
2026-08-11T13:22:47.833367+00:00,1241963.299587,cycle_1_active,0.0000000,0.0000000,0.0000000,0.0000000,8,0.0500000,1,1,1,1,1,1,0.000000,26601,1330100,2,1,1,1,0,1,0,2813766062,63,184,1241963248,4570,0,-1.8563055,0.0046492,"[0.598585844039917,-0.029560979455709457,0.04378997161984444,-0.7993144392967224]","[0.05625753477215767,-0.03315930441021919,0.0046491557732224464]","[-0.0399789996445179,-1.029289960861206,9.676863670349121]",0.8869388,8692.000,"[8.0,0.05000000074505806,0.0,0.0]","[0.0,0.0,0.0,0.0,0.0,0.0,0.0,0.05000000074505806]","[0.0,0.0,0.0,0.0,0.0,0.0,0.0,625.0]",255,1,1
2026-08-11T13:22:47.885619+00:00,1241963.351836,cycle_1_active,0.0000000,0.0000000,0.0000000,0.0000000,8,0.0500000,1,1,1,1,1,1,0.000000,26602,1330150,2,1,1,1,0,1,0,2813766062,64,5569,1241963300,4571,0,-1.8559848,0.0042489,"[0.598724365234375,-0.0293399877846241,0.04210197925567627,-0.7993095517158508]","[0.05869695544242859,-0.03276428207755089,0.004248917102813721]","[0.0007229999755509198,-1.012107014656067,9.659488677978516]",0.8709183,8535.000,"[8.0,0.05000000074505806,0.0,0.0]","[0.0,0.0,0.0,0.0,0.0,0.0,0.0,0.05000000074505806]","[0.0,0.0,0.0,0.0,0.0,0.0,0.0,625.0]",255,1,1
2026-08-11T13:22:47.937658+00:00,1241963.404101,cycle_1_active,0.0000000,0.0000000,0.0000000,0.0000000,8,0.0500000,1,1,1,1,1,1,0.000000,26603,1330200,2,1,1,1,0,1,0,2813766062,65,50798,1241963353,4572,0,-1.8556610,0.0043005,"[0.5988636016845703,-0.029135994613170624,0.0403749980032444,-0.7993018627166748]","[0.05867954343557358,-0.035675544291734695,0.0043005263432860374]","[0.02477799914777279,-0.9638890027999878,9.67344856262207]",0.8709183,8535.000,"[8.0,0.05000000074505806,0.0,0.0]","[0.0,0.0,0.0,0.0,0.0,0.0,0.0,0.05000000074505806]","[0.0,0.0,0.0,0.0,0.0,0.0,0.0,625.0]",255,1,1
2026-08-11T13:22:47.989817+00:00,1241963.456068,cycle_1_active,0.0000000,0.0000000,0.0000000,0.0000000,8,0.0500000,1,1,1,1,1,1,0.000000,26604,1330250,2,1,1,1,0,1,0,2813766062,66,20359,1241963405,4573,0,-1.8553413,0.0046860,"[0.5989997982978821,-0.028962992131710052,0.03868098929524422,-0.7992897629737854]","[0.05502442270517349,-0.03564679995179176,0.004685999359935522]","[0.07511000335216522,-0.9290850162506104,9.657523155212402]",0.8709183,8535.000,"[8.0,0.05000000074505806,0.0,0.0]","[0.0,0.0,0.0,0.0,0.0,0.0,0.0,0.05000000074505806]","[0.0,0.0,0.0,0.0,0.0,0.0,0.0,612.5]",255,1,1
2026-08-11T13:22:48.042058+00:00,1241963.508304,cycle_1_neutral_after,0.0000000,0.0000000,0.0000000,0.0000000,,,0,1,1,1,1,1,0.000000,26605,1330300,2,1,1,1,0,1,0,2813766062,67,63265,1241963457,4574,0,-1.8549517,0.0046638,"[0.5991618037223816,-0.02884398214519024,0.037059977650642395,-0.799249529838562]","[0.051369912922382355,-0.03562320023775101,0.004663833882659674]","[0.08474799990653992,-0.9074069857597351,9.66211223602295]",0.8615306,8443.000,"[8.0,0.05000000074505806,0.0,0.0]","[0.0,0.0,0.0,0.0,0.0,0.0,0.0,0.05000000074505806]","[0.0,0.0,0.0,0.0,0.0,0.0,0.0,612.5]",255,1,1
2026-08-11T13:22:48.094270+00:00,1241963.560527,cycle_1_neutral_after,0.0000000,0.0000000,0.0000000,0.0000000,,,0,1,1,1,0,1,0.000000,26606,1330350,1,0,1,1,0,1,0,2813766062,68,52532,1241963509,4575,0,-1.8545239,0.0064687,"[0.5993356108665466,-0.028802994638681412,0.03553599491715431,-0.7991898655891418]","[0.0464945062994957,-0.03556860610842705,0.00646866112947464]","[0.11112499982118607,-0.881069004535675,9.662028312683105]",0.8615306,8443.000,"[0.0,0.0,0.0,0.0]","[0.0,0.0,0.0,0.0,0.0,0.0,0.0,0.0]","[0.0,0.0,0.0,0.0,0.0,0.0,0.0,625.0]",255,1,1
2026-08-11T13:22:48.146468+00:00,1241963.612746,cycle_1_neutral_after,0.0000000,0.0000000,0.0000000,0.0000000,,,0,1,1,1,0,1,0.000000,26607,1330400,1,0,1,1,0,1,0,2813766062,69,6238,1241963561,4576,0,-1.8541132,0.0051870,"[0.5995082259178162,-0.028648987412452698,0.03397798538208008,-0.7991336584091187]","[0.06238482519984245,-0.026952525600790977,0.0051869614981114864]","[0.12777000665664673,-0.8710839748382568,9.690857887268066]",0.8735714,8561.000,"[0.0,0.0,0.0,0.0]","[0.0,0.0,0.0,0.0,0.0,0.0,0.0,0.0]","[0.0,0.0,0.0,0.0,0.0,0.0,0.0,200.0]",255,1,1
2026-08-11T13:22:48.198470+00:00,1241963.664901,cycle_1_neutral_after,0.0000000,0.0000000,0.0000000,0.0000000,,,0,1,1,1,0,1,0.000000,26608,1330450,1,0,1,1,0,1,0,2813766062,70,5193,1241963613,4577,0,-1.8538108,0.0057199,"[0.599658727645874,-0.028040993958711624,0.03220299258828163,-0.799115777015686]","[0.07624464482069016,-0.017884302884340286,0.005719933193176985]","[0.1397700011730194,-0.858335018157959,9.689209938049316]",0.8735714,8561.000,"[0.0,0.0,0.0,0.0]","[0.0,0.0,0.0,0.0,0.0,0.0,0.0,0.0]","[0.0,0.0,0.0,0.0,0.0,0.0,0.0,175.0]",255,1,1
2026-08-11T13:22:48.250624+00:00,1241963.716872,cycle_1_neutral_after,0.0000000,0.0000000,0.0000000,0.0000000,,,0,1,1,1,0,1,0.000000,26609,1330500,1,0,1,1,0,1,0,2813766062,70,5193,1241963613,4577,0,-1.8535615,0.0050803,"[0.5998026728630066,-0.027095984667539597,0.030279982835054398,-0.7991155982017517]","[0.0868341475725174,-0.012761516496539116,0.005080339498817921]","[0.15190300345420837,-0.7985929846763611,9.718855857849121]",0.8988776,8809.000,"[0.0,0.0,0.0,0.0]","[0.0,0.0,0.0,0.0,0.0,0.0,0.0,0.0]","[0.0,0.0,0.0,0.0,0.0,0.0,0.0,212.5]",255,1,1
2026-08-11T13:22:48.302698+00:00,1241963.769018,cycle_1_neutral_after,0.0000000,0.0000000,0.0000000,0.0000000,,,0,1,1,1,0,1,0.000000,26610,1330550,1,0,1,1,0,1,0,2813766062,71,17032,1241963665,4578,0,-1.8532777,0.0055886,"[0.599968671798706,-0.02591598592698574,0.028302984312176704,-0.7991025447845459]","[0.08991974592208862,-0.005911238491535187,0.005588614381849766]","[0.14501899480819702,-0.7456049919128418,9.720396041870117]",0.8988776,8809.000,"[0.0,0.0,0.0,0.0]","[0.0,0.0,0.0,0.0,0.0,0.0,0.0,0.0]","[0.0,0.0,0.0,0.0,0.0,0.0,0.0,212.5]",126,1,1
2026-08-11T13:22:48.354745+00:00,1241963.821031,cycle_1_neutral_after,0.0000000,0.0000000,0.0000000,0.0000000,,,0,1,1,1,0,1,0.000000,26611,1330600,1,0,1,1,0,1,0,2813766062,72,56043,1241963718,4579,0,-1.8530252,0.0067157,"[0.6001271605491638,-0.024552980437874794,0.026380976662039757,-0.7990923523902893]","[0.09239163249731064,0.0003268478321842849,0.006715713068842888]","[0.135670006275177,-0.7144010066986084,9.712632179260254]",0.9067347,8886.000,"[0.0,0.0,0.0,0.0]","[0.0,0.0,0.0,0.0,0.0,0.0,0.0,0.0]","[0.0,0.0,0.0,0.0,0.0,0.0,0.0,212.5]",255,1,1
2026-08-11T13:22:48.406924+00:00,1241963.873243,cycle_1_neutral_after,0.0000000,0.0000000,0.0000000,0.0000000,,,0,1,1,1,0,1,0.000000,26612,1330650,1,0,1,1,0,1,0,2813766062,73,19243,1241963770,4580,0,-1.8527859,0.0072092,"[0.6002824902534485,-0.023046987131237984,0.024527987465262413,-0.7990795969963074]","[0.09304087609052658,0.007192868273705244,0.0072092050686478615]","[0.1383190006017685,-0.656499981880188,9.72380542755127]",0.9067347,8886.000,"[0.0,0.0,0.0,0.0]","[0.0,0.0,0.0,0.0,0.0,0.0,0.0,0.0]","[0.0,0.0,0.0,0.0,0.0,0.0,0.0,162.5]",255,1,1
2026-08-11T13:22:48.459107+00:00,1241963.925380,cycle_1_neutral_after,0.0000000,0.0000000,0.0000000,0.0000000,,,0,1,1,1,0,1,0.000000,26613,1330700,1,0,1,1,0,1,0,2813766062,74,24079,1241963822,4581,0,-1.8525422,0.0076990,"[0.6004393696784973,-0.021433981135487556,0.022816982120275497,-0.7990573644638062]","[0.08941905200481415,0.012838748283684254,0.007698978763073683]","[0.1361290067434311,-0.6179659962654114,9.725613594055176]",0.9053061,8872.000,"[0.0,0.0,0.0,0.0]","[0.0,0.0,0.0,0.0,0.0,0.0,0.0,0.0]","[0.0,0.0,0.0,0.0,0.0,0.0,0.0,0.0]",255,1,1
2026-08-11T13:22:48.511270+00:00,1241963.977563,cycle_1_neutral_after,0.0000000,0.0000000,0.0000000,0.0000000,,,0,1,1,1,0,1,0.000000,26614,1330750,1,0,1,1,0,1,0,2813766062,75,59049,1241963874,4582,0,-1.8523077,0.0074703,"[0.6005898118019104,-0.01975998654961586,0.021327989175915718,-0.7990285158157349]","[0.08095158636569977,0.022875262424349785,0.007470340933650732]","[0.08373399823904037,-0.5745940208435059,9.765952110290527]",0.9053061,8872.000,"[0.0,0.0,0.0,0.0]","[0.0,0.0,0.0,0.0,0.0,0.0,0.0,0.0]","[0.0,0.0,0.0,0.0,0.0,0.0,0.0,0.0]",255,1,1
2026-08-11T13:22:48.563465+00:00,1241964.029699,cycle_1_neutral_after,0.0000000,0.0000000,0.0000000,0.0000000,,,0,1,1,1,0,1,0.000000,26615,1330800,1,0,1,1,0,1,0,2813766062,76,1246,1241963926,4583,0,-1.8520581,0.0085051,"[0.6007423400878906,-0.018057990819215775,0.020112991333007812,-0.7989856004714966]","[0.07185826450586319,0.03043578565120697,0.008505129255354404]","[0.03846599906682968,-0.5344129800796509,9.809618949890137]",0.8817347,8641.000,"[0.0,0.0,0.0,0.0]","[0.0,0.0,0.0,0.0,0.0,0.0,0.0,0.0]","[0.0,0.0,0.0,0.0,0.0,0.0,0.0,175.0]",255,1,1
2026-08-11T13:22:48.615479+00:00,1241964.081888,cycle_1_neutral_after,0.0000000,0.0000000,0.0000000,0.0000000,,,0,1,1,1,0,1,0.000000,26616,1330850,1,0,1,1,0,1,0,2813766062,77,10677,1241963978,4584,0,-1.8517898,0.0096063,"[0.6008974313735962,-0.01636599190533161,0.01921299286186695,-0.7989276647567749]","[0.06274258345365524,0.034253258258104324,0.009606292471289635]","[0.026706000789999962,-0.4981670081615448,9.816147804260254]",0.8817347,8641.000,"[0.0,0.0,0.0,0.0]","[0.0,0.0,0.0,0.0,0.0,0.0,0.0,0.0]","[0.0,0.0,0.0,0.0,0.0,0.0,0.0,300.0]",255,1,1
2026-08-11T13:22:48.667732+00:00,1241964.133925,cycle_1_neutral_after,0.0000000,0.0000000,0.0000000,0.0000000,,,0,1,1,1,0,1,0.000000,26617,1330900,1,0,1,1,0,1,0,2813766062,78,62096,1241964030,4585,0,-1.8514311,0.0124459,"[0.6010817289352417,-0.014762990176677704,0.018649986013770103,-0.7988334894180298]","[0.0487738735973835,0.04186835512518883,0.012445907108485699]","[0.0005460000247694552,-0.47869399189949036,9.82275676727295]",0.8255102,8090.000,"[0.0,0.0,0.0,0.0]","[0.0,0.0,0.0,0.0,0.0,0.0,0.0,0.0]","[0.0,0.0,0.0,0.0,0.0,0.0,0.0,300.0]",255,1,1
2026-08-11T13:22:48.719948+00:00,1241964.186201,cycle_1_neutral_after,0.0000000,0.0000000,0.0000000,0.0000000,,,0,1,1,1,0,1,0.000000,26618,1330950,1,0,1,1,0,1,0,2813766062,79,16645,1241964082,4586,0,-1.8509523,0.0140994,"[0.6013075709342957,-0.013285997323691845,0.018460996448993683,-0.7986938953399658]","[0.02991187386214733,0.04575645923614502,0.014099416323006153]","[-0.016025999560952187,-0.45700499415397644,9.819847106933594]",0.8255102,8090.000,"[0.0,0.0,0.0,0.0]","[0.0,0.0,0.0,0.0,0.0,0.0,0.0,0.0]","[0.0,0.0,0.0,0.0,0.0,0.0,0.0,187.5]",255,1,1
2026-08-11T13:22:48.773037+00:00,1241964.238420,cycle_1_neutral_after,0.0000000,0.0000000,0.0000000,0.0000000,,,0,1,1,1,0,1,0.000000,26620,1331050,1,0,1,1,0,1,0,2813766062,81,6998,1241964187,4588,0,-1.8496175,0.0191550,"[0.6018900871276855,-0.010921986773610115,0.01917097717523575,-0.7982740998268127]","[-0.000530353223439306,0.049347132444381714,0.019155023619532585]","[-0.09064299613237381,-0.42846399545669556,9.82736587524414]",0.7437755,7289.000,"[0.0,0.0,0.0,0.0]","[0.0,0.0,0.0,0.0,0.0,0.0,0.0,0.0]","[0.0,0.0,0.0,0.0,0.0,0.0,0.0,150.0]",254,1,1
2026-08-11T13:22:48.825158+00:00,1241964.291424,cycle_1_neutral_after,0.0000000,0.0000000,0.0000000,0.0000000,,,0,1,1,1,0,1,0.000000,26621,1331100,1,0,1,1,0,1,0,2813766062,82,10596,1241964240,4589,0,-1.8487799,0.0223127,"[0.6022412776947021,-0.010065999813377857,0.020006999373435974,-0.797999918460846]","[-0.016368936747312546,0.0499064177274704,0.02231271006166935]","[-0.14240899682044983,-0.42456600069999695,9.856298446655273]",0.7437755,7289.000,"[0.0,0.0,0.0,0.0]","[0.0,0.0,0.0,0.0,0.0,0.0,0.0,0.0]","[0.0,0.0,0.0,0.0,0.0,0.0,0.0,425.0]",255,1,1
2026-08-11T13:22:48.877288+00:00,1241964.343536,cycle_1_neutral_after,0.0000000,0.0000000,0.0000000,0.0000000,,,0,1,1,1,0,1,0.000000,26622,1331150,1,0,1,1,0,1,0,2813766062,83,40002,1241964292,4590,0,-1.8478233,0.0234764,"[0.6026352643966675,-0.009461995214223862,0.021175989881157875,-0.797679603099823]","[-0.033440109342336655,0.04753660410642624,0.02347644232213497]","[-0.16150300204753876,-0.43180498480796814,9.84898853302002]",0.6323469,6197.000,"[0.0,0.0,0.0,0.0]","[0.0,0.0,0.0,0.0,0.0,0.0,0.0,0.0]","[0.0,0.0,0.0,0.0,0.0,0.0,0.0,1725.0]",255,1,1
2026-08-11T13:22:48.929424+00:00,1241964.395735,cycle_1_neutral_after,0.0000000,0.0000000,0.0000000,0.0000000,,,0,1,1,1,0,1,0.000000,26623,1331200,1,0,1,1,0,1,0,2813766062,84,44423,1241964344,4591,0,-1.8467699,0.0246844,"[0.6030636429786682,-0.009125995449721813,0.022604985162615776,-0.7973204851150513]","[-0.04686422273516655,0.04389552026987076,0.024684438481926918]","[-0.18296900391578674,-0.4415470063686371,9.834494590759277]",0.6323469,6197.000,"[0.0,0.0,0.0,0.0]","[0.0,0.0,0.0,0.0,0.0,0.0,0.0,0.0]","[0.0,0.0,0.0,0.0,0.0,0.0,0.0,262.5]",255,1,1
2026-08-11T13:22:48.981577+00:00,1241964.447860,cycle_1_neutral_after,0.0000000,0.0000000,0.0000000,0.0000000,,,0,1,1,1,0,1,0.000000,26624,1331250,1,0,1,1,0,1,0,2813766062,85,27147,1241964396,4592,0,-1.8456873,0.0270858,"[0.6034996509552002,-0.009059994481503963,0.024262988939881325,-0.7969425320625305]","[-0.061500851064920425,0.04152539744973183,0.027085835114121437]","[-0.20935900509357452,-0.47029098868370056,9.834613800048828]",0.4759184,4664.000,"[0.0,0.0,0.0,0.0]","[0.0,0.0,0.0,0.0,0.0,0.0,0.0,0.0]","[0.0,0.0,0.0,0.0,0.0,0.0,0.0,300.0]",255,1,1
2026-08-11T13:22:49.033615+00:00,1241964.500028,cycle_1_neutral_after,0.0000000,0.0000000,0.0000000,0.0000000,,,0,1,1,1,0,1,0.000000,26625,1331300,1,0,1,1,0,1,0,2813766062,86,2453,1241964449,4593,0,-1.8445647,0.0258628,"[0.603947639465332,-0.009250994771718979,0.02610798552632332,-0.7965425252914429]","[-0.07248499244451523,0.03783774375915527,0.025862812995910645]","[-0.21972699463367462,-0.4938870072364807,9.809252738952637]",0.4759184,4664.000,"[0.0,0.0,0.0,0.0]","[0.0,0.0,0.0,0.0,0.0,0.0,0.0,0.0]","[0.0,0.0,0.0,0.0,0.0,0.0,0.0,0.0]",255,1,1
